owner_id,age,gender,income,marital_status,kids,owns_house,backyard,proximity,dog_breed
1,42,1,100061,1,1,1,1,13,1
2,51,2,93342,1,2,2,2,7,4
3,42,1,91932,1,1,1,1,27,2
4,49,1,95746,1,1,1,1,26,1
5,44,2,113797,1,1,1,1,6,2
6,41,2,94706,1,2,2,2,27,4
7,35,1,116822,1,1,1,1,16,1
8,32,2,114846,2,2,2,2,18,4
9,42,1,95096,1,1,1,1,14,1
10,25,2,65899,2,2,2,2,3,4
11,35,2,121579,2,2,2,2,16,4
12,45,2,97564,1,2,2,2,16,4
13,47,1,109623,1,1,1,1,27,1
14,31,1,98227,1,2,2,2,5,4
15,31,1,111810,1,1,1,1,14,1
16,42,1,109731,1,1,1,1,7,3
17,33,1,103588,1,1,1,1,7,1
18,29,1,67059,1,2,2,2,4,4
19,50,2,101512,1,2,2,2,9,4
20,29,1,71883,2,2,2,2,9,3
21,29,2,49351,2,2,2,2,23,4
22,32,1,110518,1,1,1,1,27,2
23,38,1,107412,1,1,1,1,23,1
24,50,2,92635,1,1,1,1,22,3
25,43,2,111629,1,1,1,1,23,1
26,28,2,44475,2,2,2,2,15,4
27,31,2,117008,2,2,2,2,18,2
28,27,1,65490,1,2,2,2,10,4
29,55,2,124181,1,2,2,2,24,4
30,36,2,80732,1,1,1,1,11,2
31,32,2,95757,1,2,2,2,9,4
32,28,2,71488,2,2,2,2,26,4
33,22,1,72352,2,2,2,2,18,3
34,37,2,98123,1,2,2,2,8,4
35,30,1,101589,2,2,2,2,10,4
36,27,2,43070,2,2,2,2,11,4
37,40,2,88972,1,2,2,2,9,4
38,42,1,88671,1,1,1,1,3,1
39,27,2,65858,2,2,2,2,14,4
40,22,2,53987,2,2,2,2,5,4
41,40,1,117042,1,1,1,1,21,1
42,26,2,40235,1,2,2,2,27,4
43,22,1,72476,2,2,2,2,5,3
44,55,2,83973,1,1,1,1,25,1
45,54,2,81537,1,2,2,2,24,4
46,32,1,122650,1,2,2,2,16,4
47,22,1,68969,1,2,2,2,14,4
48,23,2,71905,2,2,2,2,10,4
49,56,1,83910,1,1,1,1,5,2
50,34,1,104347,1,1,1,1,2,2
51,47,1,95948,1,1,1,1,15,2
52,26,1,40695,1,1,1,1,17,4
53,30,1,113830,2,2,2,2,27,4
54,26,2,58808,2,2,2,2,12,4
55,42,1,104760,1,1,1,1,10,2
56,34,1,122408,1,1,1,1,11,2
57,49,2,99023,1,2,2,2,6,4
58,35,1,86979,1,1,1,1,5,2
59,32,2,82887,1,2,2,2,17,4
60,37,1,93856,1,1,1,1,3,2
61,31,1,120575,2,2,2,2,22,4
62,51,2,83712,1,2,2,2,22,4
63,51,1,107537,1,1,1,1,2,2
64,46,1,122783,1,1,1,1,24,1
65,31,1,123587,2,2,2,2,29,4
66,55,1,98352,1,1,1,1,21,2
67,43,1,115545,1,1,1,1,28,1
68,48,1,108887,1,1,1,1,13,1
69,44,2,83118,1,2,2,2,26,4
70,43,1,114627,1,1,1,1,29,3
71,27,1,43514,2,2,2,2,23,4
72,25,1,51403,1,1,1,1,2,4
73,50,1,90262,1,1,1,1,20,1
74,47,2,99382,1,1,1,1,28,1
75,47,1,108968,1,1,1,1,11,1
76,34,1,105942,1,1,1,1,21,3
77,23,1,66284,2,2,2,2,2,3
78,24,2,60770,1,2,2,2,13,4
79,47,2,123879,1,1,1,1,20,2
80,40,2,89559,1,2,2,2,28,4
81,35,1,94124,1,1,1,1,13,2
82,44,1,93990,1,1,1,1,8,2
83,30,1,109940,2,2,2,2,16,4
84,29,2,54459,1,2,2,2,12,4
85,47,2,87323,1,1,1,1,22,3
86,48,1,92263,1,1,1,1,11,1
87,52,2,97803,1,1,1,1,25,1
88,25,2,56733,2,2,2,2,9,4
89,37,2,107623,2,1,1,1,20,2
90,55,1,92906,1,1,1,1,15,1
91,24,1,54825,2,2,2,2,28,3
92,33,1,88012,1,1,1,1,22,3
93,40,2,100928,1,1,1,1,14,1
94,31,2,124193,1,2,2,2,7,4
95,53,2,94632,1,1,1,1,6,2
96,50,2,108525,1,1,1,1,17,3
97,25,1,50637,1,1,1,1,15,4
98,42,2,83667,1,2,2,2,26,4
99,54,1,82851,1,1,1,1,19,2
100,27,1,63009,2,2,2,2,7,3
101,31,1,102008,2,2,2,2,22,4
102,39,2,113114,2,1,1,1,24,2
103,26,2,49088,2,2,2,2,25,4
104,26,1,68914,1,1,1,1,24,4
105,43,1,103533,1,1,1,1,22,1
106,29,1,58745,1,2,2,2,19,4
107,35,2,84997,2,2,2,2,17,2
108,54,2,104842,1,2,2,2,22,4
109,33,2,114691,2,2,2,2,24,4
110,33,2,114668,1,2,2,2,5,4
111,50,1,84955,1,1,1,1,24,3
112,45,2,102886,1,2,2,2,18,4
113,35,2,113795,2,1,1,1,26,4
114,52,1,85919,1,1,1,1,27,2
115,34,2,105769,2,2,2,2,14,2
116,31,2,120326,1,2,2,2,3,4
117,52,1,100917,1,1,1,1,17,2
118,52,1,102607,1,1,1,1,25,2
119,38,2,124704,2,1,1,1,20,2
120,31,2,115212,2,2,2,2,10,2
121,34,2,116141,2,2,2,2,1,4
122,28,2,51145,1,2,2,2,4,4
123,43,1,102553,1,1,1,1,2,2
124,31,2,92257,1,2,2,2,26,4
125,37,1,84771,1,1,1,1,25,2
126,25,2,52937,2,2,2,2,15,4
127,22,2,50801,2,2,2,2,17,4
128,37,1,121245,1,1,1,1,12,1
129,37,1,113440,1,1,1,1,17,1
130,55,1,115922,1,1,1,1,6,3
131,54,1,100026,1,1,1,1,28,1
132,51,2,81226,1,2,2,2,16,4
133,22,1,74655,2,2,2,2,24,3
134,25,1,62968,1,2,2,2,5,4
135,55,2,90440,1,2,2,2,12,4
136,25,1,66647,2,2,2,2,29,3
137,23,1,46733,2,2,2,2,13,3
138,31,1,115429,1,1,1,1,5,3
139,55,1,93503,1,1,1,1,19,3
140,38,2,84408,1,1,1,1,5,2
141,46,1,108820,1,1,1,1,6,1
142,34,2,120137,1,2,2,2,15,4
143,31,2,112277,2,2,2,2,26,2
144,30,2,122404,1,2,2,2,3,4
145,37,2,96847,1,1,1,1,1,3
146,25,2,56205,2,2,2,2,7,4
147,32,2,111931,2,2,2,2,8,2
148,26,2,69128,1,2,2,2,7,4
149,50,1,92426,1,1,1,1,11,3
150,25,2,45313,2,2,2,2,8,4
151,37,2,122669,2,2,2,2,18,4
152,34,1,104224,1,1,1,1,9,1
153,22,2,45124,2,2,2,2,13,4
154,41,2,90468,1,2,2,2,10,4
155,27,2,50660,2,2,2,2,18,4
156,25,2,54332,2,2,2,2,11,4
157,36,2,95485,1,1,1,1,2,2
158,30,2,108807,1,2,2,2,3,4
159,55,1,100499,1,1,1,1,10,1
160,50,2,118506,1,2,2,2,11,4
161,33,1,119852,1,1,1,1,14,1
162,39,1,88261,1,1,1,1,24,2
163,35,1,116500,1,1,1,1,26,3
164,36,1,80510,1,1,1,1,7,2
165,40,1,95344,1,1,1,1,23,1
166,28,1,71223,2,2,2,2,19,3
167,56,1,118203,1,1,1,1,1,3
168,28,2,69322,2,2,2,2,24,4
169,31,2,118655,2,2,2,2,17,2
170,35,2,101386,2,2,2,2,3,2
171,39,1,92367,1,1,1,1,16,1
172,21,1,44057,2,2,2,2,9,4
173,35,1,86263,1,1,1,1,6,2
174,54,2,96474,1,2,2,2,25,4
175,30,2,95097,1,2,2,2,12,4
176,44,1,102143,1,1,1,1,21,2
177,42,1,82657,1,1,1,1,23,3
178,50,2,97672,1,2,2,2,13,4
179,45,2,120029,1,2,2,2,8,4
180,53,1,123173,1,1,1,1,12,3
181,24,1,73560,2,2,2,2,9,3
182,50,2,83410,1,2,2,2,12,4
183,38,2,118157,2,1,1,1,1,4
184,56,2,111022,1,1,1,1,29,3
185,37,1,92889,1,1,1,1,6,3
186,55,2,115058,1,2,2,2,20,4
187,22,1,69218,1,1,1,1,26,4
188,45,2,80129,1,2,2,2,6,4
189,32,1,108082,1,2,2,2,28,4
190,53,1,93930,1,1,1,1,7,3
191,31,2,100309,2,2,2,2,17,2
192,48,1,84961,1,1,1,1,12,1
193,21,1,73738,2,2,2,2,28,3
194,32,2,99162,1,2,2,2,4,4
195,50,1,98392,1,1,1,1,25,2
196,49,2,86461,1,1,1,1,1,2
197,26,1,41463,1,1,1,1,29,4
198,45,1,85742,1,1,1,1,8,1
199,42,1,118063,1,1,1,1,10,3
200,49,1,102519,1,1,1,1,15,3
201,28,1,56870,1,1,1,1,25,4
202,28,2,55446,1,2,2,2,5,4
203,31,2,117210,1,2,2,2,7,4
204,46,2,115594,1,1,1,1,13,1
205,26,1,71061,1,2,2,2,2,4
206,33,1,97282,1,1,1,1,9,3
207,21,1,45870,2,2,2,2,21,3
208,50,2,93280,1,1,1,1,1,3
209,30,1,121767,1,2,2,2,12,4
210,48,2,96901,1,2,2,2,13,4
211,29,1,56074,2,2,2,2,4,3
212,30,1,100131,1,2,2,2,15,4
213,24,2,41316,1,2,2,2,29,4
214,53,2,90868,1,2,2,2,19,4
215,52,1,97533,1,1,1,1,21,2
216,54,2,120524,1,2,2,2,12,4
217,29,2,42740,2,2,2,2,17,4
218,30,2,92309,1,2,2,2,29,4
219,53,1,81050,1,1,1,1,26,1
220,50,2,81637,1,1,1,1,24,3
221,32,2,103724,2,2,2,2,16,2
222,38,1,117635,1,1,1,1,22,2
223,52,2,120743,1,1,1,1,17,1
224,21,2,69598,2,2,2,2,16,4
225,52,2,91493,1,2,2,2,25,4
226,45,2,92189,1,1,1,1,13,1
227,23,2,60306,2,2,2,2,29,4
228,36,2,108315,2,2,2,2,27,4
229,54,2,118073,1,1,1,1,6,3
230,54,2,111304,1,2,2,2,2,4
231,39,2,113243,1,2,2,2,21,4
232,50,2,117805,1,1,1,1,6,1
233,43,2,93576,1,2,2,2,21,4
234,44,2,92550,1,1,1,1,2,1
235,42,1,110628,1,1,1,1,16,1
236,36,2,102822,1,2,2,2,23,4
237,49,2,86371,1,2,2,2,12,4
238,32,1,85545,1,2,2,2,28,4
239,49,2,120792,1,1,1,1,12,1
240,30,2,107114,1,2,2,2,24,4
241,21,2,60533,2,2,2,2,20,4
242,32,2,89496,2,2,2,2,18,2
243,43,2,112478,1,1,1,1,10,1
244,51,2,92734,1,1,1,1,4,1
245,33,2,87445,1,2,2,2,24,4
246,44,1,98671,1,1,1,1,16,2
247,30,2,101680,2,2,2,2,22,4
248,54,2,87051,1,1,1,1,21,1
249,55,1,118792,1,1,1,1,5,1
250,48,2,81013,1,1,1,1,24,2
251,41,1,85459,1,1,1,1,5,1
252,55,1,88537,1,1,1,1,2,3
253,28,1,56816,1,2,2,2,11,4
254,30,1,104339,1,2,2,2,1,4
255,42,1,85794,1,1,1,1,21,3
256,39,1,124997,1,1,1,1,3,2
257,53,1,83967,1,1,1,1,27,1
258,40,2,82294,1,2,2,2,3,4
259,34,2,117473,1,2,2,2,8,4
260,44,2,99385,1,2,2,2,17,4
261,48,1,82249,1,1,1,1,20,1
262,22,2,53385,2,2,2,2,25,4
263,55,2,94379,1,2,2,2,10,4
264,26,1,49226,2,2,2,2,29,3
265,43,1,95222,1,1,1,1,14,2
266,32,1,95438,1,2,2,2,19,4
267,25,2,53167,2,2,2,2,22,4
268,40,2,91205,1,1,1,1,14,1
269,37,2,88007,1,1,1,1,11,2
270,54,2,88720,1,1,1,1,13,3
271,47,1,110571,1,1,1,1,23,1
272,55,1,118593,1,1,1,1,9,1
273,31,2,110579,2,2,2,2,14,2
274,26,2,41850,2,2,2,2,28,4
275,30,1,83574,1,1,1,1,12,2
276,48,1,121835,1,1,1,1,9,1
277,28,1,72258,1,2,2,2,27,4
278,32,1,99576,1,1,1,1,24,2
279,45,2,93378,1,2,2,2,19,4
280,55,1,116791,1,1,1,1,21,1
281,32,2,121005,1,2,2,2,6,4
282,55,1,107981,1,1,1,1,15,3
283,25,1,69564,2,2,2,2,23,3
284,54,1,122813,1,1,1,1,12,1
285,38,1,120292,1,1,1,1,23,1
286,24,1,73661,1,1,1,1,25,3
287,37,2,121540,2,2,2,2,10,4
288,23,1,50740,1,1,1,1,16,4
289,27,2,43095,2,2,2,2,19,4
290,46,1,124976,1,1,1,1,16,1
291,22,1,41278,2,2,2,2,9,4
292,32,1,110577,1,1,1,1,13,1
293,48,2,84594,1,1,1,1,22,1
294,29,1,64636,2,2,2,2,3,3
295,36,1,101789,1,1,1,1,13,1
296,40,1,98852,1,1,1,1,27,1
297,44,2,87469,1,2,2,2,14,4
298,28,2,40438,1,2,2,2,23,4
299,38,2,107147,1,2,2,2,8,4
300,28,2,52467,1,2,2,2,3,4
301,37,1,123139,1,1,1,1,24,3
302,35,1,84468,1,1,1,1,16,3
303,50,1,91621,1,1,1,1,12,1
304,52,1,88288,1,1,1,1,7,2
305,28,2,50526,2,2,2,2,5,4
306,48,2,114168,1,1,1,1,22,1
307,41,2,95382,1,1,1,1,27,2
308,46,1,119195,1,1,1,1,9,2
309,37,2,85252,1,2,2,2,14,4
310,43,1,108139,1,1,1,1,2,2
311,38,1,110985,1,1,1,1,15,3
312,23,2,56209,2,2,2,2,26,4
313,23,1,44704,1,2,2,2,4,4
314,36,2,99536,1,2,2,2,22,4
315,22,2,64569,2,2,2,2,18,4
316,41,2,90037,1,1,1,1,29,3
317,33,2,84947,1,2,2,2,22,4
318,36,2,90847,1,2,2,2,12,4
319,41,1,83512,1,1,1,1,15,1
320,36,2,92024,1,2,2,2,18,4
321,34,1,83913,1,1,1,1,3,2
322,22,1,43608,2,2,2,2,7,4
323,23,2,42385,2,2,2,2,11,4
324,46,2,119288,1,2,2,2,27,4
325,32,2,120426,1,2,2,2,29,4
326,36,2,93803,1,1,1,1,20,1
327,54,1,123751,1,1,1,1,15,3
328,30,2,99262,1,2,2,2,28,4
329,53,1,99286,1,1,1,1,8,1
330,25,2,62842,1,2,2,2,6,4
331,28,1,45473,2,2,2,2,9,3
332,26,1,48446,1,2,2,2,15,4
333,45,2,102341,1,2,2,2,6,4
334,37,2,81034,2,2,2,2,8,2
335,32,1,106017,1,2,2,2,14,4
336,38,1,98062,1,1,1,1,13,3
337,23,2,73730,2,2,2,2,8,4
338,44,2,118840,1,1,1,1,2,1
339,40,2,102306,1,1,1,1,9,1
340,43,2,124825,1,1,1,1,8,1
341,25,1,61186,2,2,2,2,18,3
342,45,1,113341,1,1,1,1,11,1
343,44,2,121415,1,2,2,2,18,4
344,34,2,99354,2,2,2,2,26,2
345,29,1,58581,1,1,1,1,11,4
346,55,2,119119,1,1,1,1,18,1
347,56,2,117294,1,2,2,2,29,4
348,35,2,113619,2,1,1,1,20,4
349,22,1,54578,2,2,2,2,15,3
350,40,1,108929,1,1,1,1,14,2
351,54,2,89914,1,1,1,1,18,2
352,55,2,119636,1,2,2,2,25,4
353,30,1,117055,1,2,2,2,22,4
354,24,2,46881,1,2,2,2,4,4
355,34,2,103441,2,2,2,2,18,4
356,25,2,48775,1,2,2,2,23,4
357,32,2,91465,1,2,2,2,22,4
358,30,1,124777,2,2,2,2,20,4
359,24,2,60113,2,2,2,2,12,4
360,24,2,51884,2,2,2,2,28,4
361,30,2,103755,2,2,2,2,8,4
362,27,1,47517,2,2,2,2,8,3
363,50,1,105557,1,1,1,1,13,1
364,48,2,120032,1,1,1,1,6,2
365,22,1,45105,1,1,1,1,2,4
366,42,2,102903,1,2,2,2,28,4
367,50,1,119926,1,1,1,1,25,1
368,36,2,105431,2,1,1,1,27,2
369,39,1,88586,1,1,1,1,18,3
370,47,2,84866,1,2,2,2,7,4
371,22,2,66654,2,2,2,2,25,4
372,36,1,104721,1,1,1,1,23,1
373,34,2,98934,2,2,2,2,13,4
374,24,2,63878,2,2,2,2,23,4
375,42,2,115020,1,1,1,1,17,1
376,25,2,69154,2,2,2,2,4,4
377,38,2,112105,2,2,2,2,18,4
378,35,1,84607,1,1,1,1,15,3
379,31,2,122709,1,2,2,2,17,4
380,39,2,82326,2,1,1,1,14,4
381,51,1,90526,1,1,1,1,20,3
382,46,1,96415,1,1,1,1,13,1
383,44,2,96253,1,2,2,2,6,4
384,40,2,107773,1,2,2,2,7,4
385,30,1,86657,1,2,2,2,1,4
386,21,2,72344,2,2,2,2,28,4
387,52,1,115471,1,1,1,1,27,2
388,38,2,100399,2,1,1,1,1,4
389,43,2,82910,1,2,2,2,18,4
390,38,2,87398,2,2,2,2,12,2
391,44,2,103528,1,2,2,2,1,4
392,35,1,92416,1,1,1,1,21,1
393,35,2,119878,1,1,1,1,24,1
394,56,2,119854,1,1,1,1,13,1
395,35,1,121621,1,1,1,1,16,1
396,47,2,114966,1,1,1,1,29,1
397,52,1,83425,1,1,1,1,26,1
398,34,2,83843,2,2,2,2,22,2
399,33,2,93750,1,2,2,2,13,4
400,56,2,108956,1,1,1,1,10,1
401,31,1,105952,1,2,2,2,28,4
402,40,1,97822,1,1,1,1,10,1
403,23,1,64767,2,2,2,2,26,3
404,33,2,118849,1,2,2,2,7,4
405,39,2,112758,1,2,2,2,16,4
406,45,1,97699,1,1,1,1,14,3
407,46,2,96196,1,2,2,2,23,4
408,21,2,64642,2,2,2,2,22,4
409,51,1,98572,1,1,1,1,26,3
410,22,1,70873,1,2,2,2,17,4
411,50,2,104576,1,1,1,1,4,2
412,34,2,81181,1,2,2,2,3,4
413,42,1,99023,1,1,1,1,22,2
414,56,1,107951,1,1,1,1,3,1
415,29,1,69812,2,2,2,2,16,3
416,50,1,108968,1,1,1,1,27,1
417,47,1,110674,1,1,1,1,24,2
418,34,2,117732,2,2,2,2,7,2
419,21,1,64308,2,2,2,2,12,3
420,45,1,92540,1,1,1,1,13,1
421,51,1,111508,1,1,1,1,4,1
422,26,2,71768,1,2,2,2,9,4
423,51,2,89547,1,2,2,2,23,4
424,44,2,106972,1,1,1,1,28,1
425,45,1,113920,1,1,1,1,2,2
426,56,1,104542,1,1,1,1,19,2
427,52,1,91231,1,1,1,1,29,3
428,44,1,112847,1,1,1,1,16,1
429,24,1,58137,2,2,2,2,14,3
430,30,2,98308,2,2,2,2,18,4
431,47,2,114952,1,1,1,1,3,3
432,21,1,66970,1,1,1,1,12,4
433,23,1,56096,2,2,2,2,13,3
434,47,1,81460,1,1,1,1,6,2
435,23,1,45705,1,2,2,2,11,4
436,25,1,72813,1,2,2,2,9,4
437,28,1,42534,1,1,1,1,7,4
438,54,2,98046,1,1,1,1,2,2
439,50,2,124920,1,2,2,2,27,4
440,46,1,111419,1,1,1,1,1,3
441,34,1,124816,1,1,1,1,2,3
442,42,2,120322,1,2,2,2,24,4
443,50,1,117844,1,1,1,1,24,1
444,32,2,92801,2,2,2,2,22,2
445,23,1,59863,2,2,2,2,18,3
446,25,1,60103,1,1,1,1,28,4
447,24,2,73072,1,2,2,2,17,4
448,26,1,61269,1,1,1,1,1,4
449,48,1,110409,1,1,1,1,4,1
450,32,2,102845,2,2,2,2,28,2
451,38,2,83156,1,1,1,1,14,3
452,38,2,114723,2,2,2,2,21,4
453,36,1,85291,1,1,1,1,15,2
454,22,1,71553,2,2,2,2,8,3
455,28,2,47272,2,2,2,2,9,4
456,30,1,117003,2,2,2,2,14,4
457,38,2,99741,1,1,1,1,12,2
458,40,2,107873,1,2,2,2,17,4
459,29,1,69146,1,1,1,1,24,4
460,31,1,87506,1,2,2,2,2,4
461,56,2,96701,1,2,2,2,17,4
462,47,2,83173,1,2,2,2,14,4
463,31,2,94972,2,2,2,2,27,4
464,53,1,117864,1,1,1,1,26,2
465,35,1,124630,1,1,1,1,18,1
466,28,2,48074,1,2,2,2,2,4
467,35,1,112758,1,1,1,1,15,1
468,52,2,115970,1,2,2,2,5,4
469,48,1,105299,1,1,1,1,14,3
470,55,1,114429,1,1,1,1,17,3
471,52,2,105898,1,1,1,1,13,1
472,48,2,91589,1,1,1,1,1,2
473,44,2,109447,1,1,1,1,11,1
474,39,1,121813,1,1,1,1,18,1
475,22,1,53186,1,2,2,2,8,4
476,43,1,117118,1,1,1,1,25,2
477,25,2,59393,1,2,2,2,22,4
478,21,1,55375,1,1,1,1,3,4
479,56,1,84751,1,1,1,1,5,2
480,41,2,96897,1,1,1,1,29,3
481,48,2,89321,1,2,2,2,14,4
482,44,2,97931,1,2,2,2,1,4
483,22,2,49614,2,2,2,2,8,4
484,47,2,92879,1,2,2,2,5,4
485,29,1,71026,1,1,1,1,23,2
486,31,2,111596,2,2,2,2,9,2
487,47,2,103056,1,1,1,1,14,2
488,47,2,115653,1,1,1,1,24,1
489,39,1,114064,1,1,1,1,18,1
490,32,2,111797,2,2,2,2,8,2
491,27,2,49756,1,2,2,2,4,4
492,42,1,91384,1,1,1,1,10,1
493,23,1,70827,1,2,2,2,16,4
494,34,2,106779,1,2,2,2,16,4
495,27,2,73693,1,2,2,2,1,4
496,40,1,107803,1,1,1,1,20,1
497,55,2,107838,1,2,2,2,17,4
498,56,2,119645,1,1,1,1,9,1
499,55,1,121702,1,1,1,1,13,3
500,40,1,98015,1,1,1,1,21,2
501,27,2,60256,2,2,2,2,7,4
502,48,2,107191,1,1,1,1,17,2
503,39,1,82941,1,1,1,1,12,2
504,22,1,52862,1,1,1,1,4,4
505,45,2,89871,1,2,2,2,26,4
506,53,2,90686,1,2,2,2,24,4
507,50,1,82678,1,1,1,1,23,1
508,22,2,43950,2,2,2,2,28,4
509,41,2,81630,1,2,2,2,20,4
510,42,2,85644,1,1,1,1,25,2
511,25,2,63190,2,2,2,2,8,4
512,53,2,110790,1,1,1,1,25,2
513,43,2,91586,1,2,2,2,9,4
514,54,2,90057,1,1,1,1,3,3
515,49,2,92328,1,1,1,1,12,1
516,55,2,113510,1,1,1,1,26,3
517,41,2,98592,1,1,1,1,19,1
518,44,1,89064,1,1,1,1,9,2
519,31,1,81408,1,1,1,1,21,3
520,37,2,87641,2,2,2,2,7,2
521,43,2,91374,1,2,2,2,29,4
522,27,2,48766,2,2,2,2,27,4
523,23,2,56889,2,2,2,2,15,4
524,43,2,110176,1,2,2,2,14,4
525,23,1,72282,1,1,1,1,6,3
526,50,1,107682,1,1,1,1,26,2
527,37,1,84059,1,1,1,1,19,3
528,30,1,97128,2,2,2,2,5,4
529,44,1,101959,1,1,1,1,10,2
530,44,2,118284,1,1,1,1,4,2
531,38,2,82868,2,2,2,2,11,2
532,24,1,46483,2,2,2,2,7,3
533,44,2,109671,1,2,2,2,11,4
534,48,2,84087,1,2,2,2,27,4
535,41,2,114605,1,1,1,1,29,1
536,30,1,80115,2,2,2,2,14,3
537,34,1,93124,1,1,1,1,3,1
538,39,2,95779,1,2,2,2,27,4
539,51,1,119143,1,1,1,1,29,2
540,23,2,66416,2,2,2,2,8,4
541,44,2,85322,1,2,2,2,8,4
542,49,1,86896,1,1,1,1,27,2
543,48,2,111400,1,2,2,2,6,4
544,30,2,111921,1,2,2,2,10,4
545,37,2,107474,2,2,2,2,14,4
546,52,2,121418,1,2,2,2,17,4
547,55,2,94851,1,1,1,1,6,1
548,48,1,124163,1,1,1,1,1,2
549,22,2,56948,2,2,2,2,13,4
550,27,1,59806,2,2,2,2,25,3
551,37,2,124778,1,2,2,2,21,4
552,21,1,65750,1,1,1,1,5,4
553,37,2,112566,1,2,2,2,6,4
554,28,1,57593,2,2,2,2,14,3
555,41,2,93486,1,1,1,1,27,1
556,26,2,73666,2,2,2,2,12,4
557,53,1,93971,1,1,1,1,20,3
558,46,1,93532,1,1,1,1,4,3
559,45,1,90269,1,1,1,1,25,2
560,56,1,81917,1,1,1,1,11,1
561,29,1,63928,2,2,2,2,25,3
562,35,2,82240,1,2,2,2,6,4
563,52,1,107923,1,1,1,1,24,1
564,42,1,124675,1,1,1,1,22,1
565,26,1,67116,1,1,1,1,4,4
566,42,1,105437,1,1,1,1,24,2
567,35,2,91533,2,1,1,1,24,2
568,21,1,67645,1,1,1,1,15,4
569,25,1,59483,1,2,2,2,27,4
570,30,2,103817,1,2,2,2,7,4
571,28,2,54723,2,2,2,2,17,4
572,47,1,117379,1,1,1,1,2,3
573,46,2,115302,1,1,1,1,8,3
574,22,1,49968,1,1,1,1,16,4
575,32,2,118182,2,2,2,2,25,2
576,39,1,95272,1,1,1,1,23,3
577,31,2,95650,2,2,2,2,3,4
578,28,1,59185,1,1,1,1,17,4
579,41,2,87420,1,1,1,1,20,1
580,42,1,120041,1,1,1,1,26,1
581,37,1,98037,1,1,1,1,7,1
582,25,2,48226,2,2,2,2,21,4
583,45,1,101854,1,1,1,1,13,1
584,51,1,90399,1,1,1,1,9,1
585,41,1,95892,1,1,1,1,10,3
586,37,1,118085,1,1,1,1,9,1
587,22,1,53954,2,2,2,2,27,3
588,35,2,122430,2,2,2,2,21,4
589,53,1,114480,1,1,1,1,28,2
590,56,1,81196,1,1,1,1,10,1
591,28,2,61312,2,2,2,2,18,4
592,46,2,91779,1,2,2,2,14,4
593,21,1,61211,2,2,2,2,4,3
594,31,1,99384,1,2,2,2,21,4
595,40,1,81555,1,1,1,1,17,2
596,56,2,84898,1,2,2,2,8,4
597,41,1,120849,1,1,1,1,26,2
598,25,2,51067,2,2,2,2,1,4
599,47,1,96356,1,1,1,1,21,3
600,54,1,119977,1,1,1,1,4,1
601,26,1,73132,2,2,2,2,17,3
602,25,1,70379,1,2,2,2,23,4
603,26,2,42113,2,2,2,2,27,4
604,32,2,105370,1,2,2,2,19,4
605,33,1,98927,1,1,1,1,7,2
606,23,1,57465,2,2,2,2,19,3
607,47,1,107126,1,1,1,1,20,3
608,23,1,41040,1,1,1,1,14,4
609,23,2,69492,2,2,2,2,7,4
610,48,2,94408,1,2,2,2,5,4
611,40,2,111903,1,1,1,1,23,1
612,34,2,88970,2,2,2,2,24,2
613,35,2,123482,2,1,1,1,9,2
614,22,1,48190,1,1,1,1,2,4
615,40,1,111628,1,1,1,1,29,1
616,33,2,91515,2,2,2,2,27,4
617,27,2,72313,1,2,2,2,29,4
618,33,1,106369,1,1,1,1,19,3
619,41,2,88485,1,2,2,2,20,4
620,51,2,99363,1,1,1,1,20,3
621,49,2,117823,1,1,1,1,25,3
622,52,1,89409,1,1,1,1,20,3
623,23,2,55719,2,2,2,2,6,4
624,56,2,118668,1,1,1,1,5,1
625,40,2,107121,1,2,2,2,14,4
626,55,2,124108,1,1,1,1,2,3
627,55,1,113516,1,1,1,1,23,1
628,26,2,40948,2,2,2,2,26,4
629,48,1,124110,1,1,1,1,9,1
630,48,2,99613,1,2,2,2,8,4
631,53,2,90463,1,2,2,2,18,4
632,42,1,117119,1,1,1,1,16,1
633,36,1,109329,1,1,1,1,25,1
634,32,2,87330,1,2,2,2,4,4
635,49,2,113030,1,1,1,1,3,2
636,46,1,100565,1,1,1,1,16,1
637,45,1,114582,1,1,1,1,6,3
638,56,1,81583,1,1,1,1,7,1
639,38,1,83183,1,1,1,1,1,3
640,43,2,101003,1,2,2,2,21,4
641,46,2,91578,1,1,1,1,29,2
642,46,1,84154,1,1,1,1,16,1
643,47,2,123881,1,1,1,1,14,2
644,43,1,120197,1,1,1,1,21,1
645,36,1,104165,1,1,1,1,23,1
646,37,2,104995,1,1,1,1,23,1
647,39,1,100516,1,1,1,1,6,1
648,27,2,68933,2,2,2,2,3,4
649,55,1,111516,1,1,1,1,24,3
650,24,2,41955,2,2,2,2,19,4
651,36,1,110192,1,1,1,1,20,1
652,25,2,69394,1,2,2,2,14,4
653,47,1,88428,1,1,1,1,12,1
654,30,2,81343,1,2,2,2,3,4
655,47,1,92419,1,1,1,1,5,1
656,54,2,84588,1,1,1,1,21,1
657,48,1,123879,1,1,1,1,19,3
658,25,2,64822,2,2,2,2,16,4
659,23,2,54771,2,2,2,2,13,4
660,55,1,106334,1,1,1,1,21,1
661,23,1,60520,2,2,2,2,3,3
662,46,2,120364,1,2,2,2,29,4
663,37,1,104727,1,1,1,1,12,1
664,51,1,100573,1,1,1,1,14,2
665,29,1,62031,2,2,2,2,20,3
666,50,1,80403,1,1,1,1,14,1
667,27,2,74143,1,2,2,2,10,4
668,28,1,70317,1,1,1,1,28,3
669,55,2,105751,1,2,2,2,22,4
670,48,2,123704,1,2,2,2,12,4
671,51,1,119247,1,1,1,1,4,3
672,38,2,86915,1,2,2,2,3,4
673,41,1,101777,1,1,1,1,12,1
674,38,2,102356,2,2,2,2,8,2
675,31,1,117519,2,2,2,2,24,3
676,56,2,102525,1,1,1,1,20,2
677,30,1,107712,2,2,2,2,22,3
678,53,1,100648,1,1,1,1,9,2
679,38,1,117216,1,1,1,1,15,3
680,33,1,123722,1,1,1,1,12,1
681,51,2,97496,1,2,2,2,12,4
682,49,2,117889,1,2,2,2,1,4
683,32,1,119163,1,1,1,1,21,1
684,47,1,114426,1,1,1,1,12,3
685,30,2,101445,2,2,2,2,27,4
686,31,2,90992,1,2,2,2,14,4
687,55,1,117121,1,1,1,1,25,3
688,54,1,120806,1,1,1,1,1,3
689,41,1,82822,1,1,1,1,27,2
690,32,2,107342,1,2,2,2,23,4
691,37,2,106364,1,1,1,1,9,3
692,45,1,122297,1,1,1,1,21,3
693,52,2,81544,1,1,1,1,15,1
694,21,1,43970,2,2,2,2,22,4
695,36,2,118338,1,1,1,1,9,1
696,29,2,48290,1,2,2,2,27,4
697,46,2,108261,1,2,2,2,29,4
698,32,2,121140,2,2,2,2,12,2
699,27,2,41777,2,2,2,2,3,4
700,27,1,73157,1,1,1,1,8,3
701,40,1,102865,1,1,1,1,6,2
702,36,2,108024,1,1,1,1,15,1
703,33,2,117219,1,2,2,2,27,4
704,26,1,59609,2,2,2,2,20,3
705,21,2,67099,2,2,2,2,23,4
706,29,1,57407,2,2,2,2,5,3
707,56,1,107166,1,1,1,1,23,2
708,42,2,107470,1,1,1,1,5,3
709,47,2,118095,1,1,1,1,18,1
710,26,1,67735,1,1,1,1,11,4
711,55,1,102516,1,1,1,1,11,2
712,50,1,84061,1,1,1,1,25,2
713,40,2,96901,1,2,2,2,16,4
714,32,2,124557,1,2,2,2,26,4
715,34,2,119164,2,2,2,2,1,2
716,27,1,71711,1,1,1,1,16,3
717,40,1,113714,1,1,1,1,15,1
718,33,2,81900,2,2,2,2,4,2
719,34,2,80295,2,2,2,2,20,2
720,55,1,108754,1,1,1,1,7,1
721,53,1,94567,1,1,1,1,6,1
722,34,1,112844,1,1,1,1,6,3
723,23,1,44243,1,2,2,2,29,4
724,23,1,60536,2,2,2,2,6,3
725,35,2,120383,1,2,2,2,15,4
726,36,2,89646,2,2,2,2,15,2
727,22,2,51254,2,2,2,2,21,4
728,52,1,99985,1,1,1,1,14,1
729,24,1,71070,2,2,2,2,5,3
730,41,1,110783,1,1,1,1,23,3
731,40,2,114783,1,1,1,1,17,2
732,27,2,62592,1,2,2,2,5,4
733,42,2,102942,1,1,1,1,21,1
734,47,1,103136,1,1,1,1,17,1
735,21,2,68393,2,2,2,2,5,4
736,27,1,55472,1,2,2,2,19,4
737,26,1,56221,2,2,2,2,22,3
738,45,1,111458,1,1,1,1,26,3
739,39,2,90639,1,2,2,2,19,4
740,32,2,110048,2,2,2,2,29,4
741,37,2,114190,1,1,1,1,29,3
742,38,2,97724,1,1,1,1,2,2
743,23,1,63164,1,1,1,1,9,4
744,34,1,113739,1,1,1,1,5,2
745,50,2,89598,1,2,2,2,25,4
746,34,2,112613,2,2,2,2,6,2
747,53,1,96341,1,1,1,1,27,1
748,25,1,58167,2,2,2,2,10,3
749,43,1,112579,1,1,1,1,5,3
750,21,2,71417,2,2,2,2,29,4
751,28,1,40093,2,2,2,2,1,4
752,34,2,108956,1,2,2,2,22,4
753,46,2,104850,1,1,1,1,29,1
754,34,1,96322,1,1,1,1,16,1
755,40,2,86714,1,2,2,2,15,4
756,30,2,116494,2,2,2,2,4,4
757,22,2,41277,2,2,2,2,4,4
758,40,1,87315,1,1,1,1,7,2
759,37,1,87847,1,1,1,1,1,3
760,48,2,98161,1,2,2,2,14,4
761,30,2,112146,2,2,2,2,20,4
762,36,1,87491,1,1,1,1,19,3
763,39,2,108800,2,2,2,2,15,4
764,51,1,86464,1,1,1,1,17,1
765,36,2,108420,1,1,1,1,9,1
766,31,1,104736,1,2,2,2,15,4
767,42,2,121791,1,2,2,2,29,4
768,47,2,114476,1,2,2,2,15,4
769,46,2,91730,1,1,1,1,26,2
770,42,2,89051,1,2,2,2,8,4
771,29,1,40932,2,2,2,2,19,4
772,51,1,103463,1,1,1,1,13,3
773,51,1,88135,1,1,1,1,29,3
774,41,2,82181,1,1,1,1,9,3
775,27,2,53511,2,2,2,2,23,4
776,33,2,88745,2,2,2,2,29,2
777,56,2,89856,1,2,2,2,9,4
778,40,2,82846,1,2,2,2,2,4
779,37,2,112712,2,1,1,1,7,4
780,48,2,87743,1,2,2,2,7,4
781,31,2,82908,1,2,2,2,15,4
782,50,1,109335,1,1,1,1,28,2
783,39,2,114661,1,2,2,2,19,4
784,48,2,98521,1,2,2,2,7,4
785,56,2,96322,1,1,1,1,7,2
786,30,1,123776,2,2,2,2,20,4
787,44,1,111239,1,1,1,1,15,1
788,52,2,95507,1,1,1,1,21,1
789,42,1,108028,1,1,1,1,25,1
790,31,2,98676,2,2,2,2,12,4
791,52,1,92656,1,1,1,1,17,2
792,30,1,96083,2,2,2,2,8,3
793,49,2,107445,1,2,2,2,18,4
794,27,2,40358,2,2,2,2,7,4
795,27,2,46022,2,2,2,2,13,4
796,56,1,114916,1,1,1,1,21,1
797,21,1,56146,2,2,2,2,4,3
798,27,2,63731,1,2,2,2,7,4
799,41,1,95389,1,1,1,1,6,1
800,22,1,70962,2,2,2,2,25,3
801,32,2,81478,2,2,2,2,9,2
802,21,1,46464,2,2,2,2,27,3
803,28,1,70838,2,2,2,2,9,3
804,30,2,88500,2,2,2,2,3,4
805,33,1,108937,1,1,1,1,14,1
806,32,2,113128,2,2,2,2,25,4
807,49,1,123201,1,1,1,1,3,1
808,39,1,84624,1,1,1,1,13,3
809,54,1,114269,1,1,1,1,1,2
810,55,1,83043,1,1,1,1,11,2
811,36,1,110548,1,1,1,1,24,2
812,46,1,117501,1,1,1,1,7,3
813,46,2,108192,1,1,1,1,6,2
814,51,1,89467,1,1,1,1,2,3
815,43,2,96688,1,2,2,2,14,4
816,26,2,70787,1,2,2,2,1,4
817,30,1,106614,2,2,2,2,24,3
818,45,1,120756,1,1,1,1,4,2
819,26,1,59953,2,2,2,2,6,3
820,32,2,120043,2,2,2,2,29,4
821,47,2,93165,1,2,2,2,2,4
822,28,1,62461,1,2,2,2,16,4
823,32,1,101115,1,1,1,1,13,2
824,55,1,124706,1,1,1,1,23,1
825,55,2,88810,1,1,1,1,24,1
826,50,1,118800,1,1,1,1,19,3
827,37,1,97515,1,1,1,1,6,2
828,34,1,112625,1,1,1,1,6,3
829,52,1,100274,1,1,1,1,11,1
830,25,2,44526,2,2,2,2,26,4
831,42,2,111484,1,1,1,1,1,1
832,56,1,103747,1,1,1,1,6,1
833,40,2,113471,1,1,1,1,9,2
834,22,1,57108,2,2,2,2,5,3
835,24,2,44156,1,2,2,2,14,4
836,54,2,117774,1,2,2,2,17,4
837,52,2,98652,1,1,1,1,8,3
838,45,2,89673,1,2,2,2,8,4
839,35,1,100460,1,1,1,1,2,2
840,46,2,120861,1,2,2,2,11,4
841,42,1,98046,1,1,1,1,15,1
842,52,1,114692,1,1,1,1,20,1
843,53,2,93241,1,2,2,2,17,4
844,46,2,86122,1,2,2,2,4,4
845,28,1,74512,1,2,2,2,18,4
846,47,1,83318,1,1,1,1,26,1
847,41,1,111026,1,1,1,1,14,2
848,30,2,101810,2,2,2,2,12,4
849,53,1,91824,1,1,1,1,25,3
850,35,1,99937,1,1,1,1,4,1
851,22,2,64764,2,2,2,2,29,4
852,47,2,107146,1,1,1,1,13,1
853,44,1,80897,1,1,1,1,7,2
854,24,2,48861,1,2,2,2,22,4
855,31,1,86349,1,2,2,2,29,4
856,56,1,115613,1,1,1,1,21,1
857,53,2,91871,1,1,1,1,18,2
858,22,1,58671,2,2,2,2,23,3
859,46,2,99540,1,1,1,1,24,2
860,51,2,90451,1,2,2,2,11,4
861,43,1,96555,1,1,1,1,21,2
862,45,1,83629,1,1,1,1,20,2
863,46,2,110079,1,1,1,1,18,1
864,25,2,43947,1,2,2,2,10,4
865,27,1,47744,1,1,1,1,16,4
866,33,2,103666,2,2,2,2,11,2
867,29,1,61448,1,2,2,2,15,4
868,47,2,102847,1,2,2,2,5,4
869,25,1,43006,2,2,2,2,15,4
870,44,1,112306,1,1,1,1,14,2
871,41,1,96448,1,1,1,1,14,3
872,42,2,81203,1,1,1,1,14,1
873,37,1,83886,1,1,1,1,13,3
874,45,2,81144,1,1,1,1,1,2
875,26,1,68611,2,2,2,2,20,3
876,28,2,45459,1,2,2,2,7,4
877,40,2,110593,1,2,2,2,8,4
878,45,2,99031,1,2,2,2,24,4
879,53,2,121777,1,2,2,2,9,4
880,31,2,119834,2,2,2,2,1,4
881,37,1,84006,1,1,1,1,28,2
882,33,1,113608,1,1,1,1,29,2
883,32,2,94817,2,2,2,2,11,2
884,24,1,63295,2,2,2,2,3,3
885,37,2,80554,2,1,1,1,24,4
886,24,2,48764,2,2,2,2,22,4
887,30,2,88274,2,2,2,2,23,4
888,34,1,89242,1,1,1,1,21,2
889,56,2,109941,1,1,1,1,20,3
890,22,1,64146,2,2,2,2,26,3
891,32,2,112217,1,2,2,2,16,4
892,42,2,81557,1,2,2,2,4,4
893,47,2,105363,1,1,1,1,3,1
894,24,2,61902,1,2,2,2,7,4
895,51,1,115255,1,1,1,1,14,3
896,51,2,86487,1,1,1,1,2,1
897,49,2,84259,1,2,2,2,22,4
898,55,1,116219,1,1,1,1,23,3
899,31,2,99081,2,2,2,2,19,4
900,24,1,70043,2,2,2,2,24,3
901,41,2,105989,1,1,1,1,16,1
902,55,1,81726,1,1,1,1,12,1
903,37,1,92213,1,1,1,1,23,2
904,27,2,63017,1,2,2,2,13,4
905,26,1,41551,2,2,2,2,16,4
906,52,1,106455,1,1,1,1,6,1
907,24,1,60672,2,2,2,2,18,3
908,22,1,63903,2,2,2,2,16,3
909,55,2,116415,1,1,1,1,9,1
910,32,1,87975,1,1,1,1,18,3
911,54,1,115375,1,1,1,1,21,2
912,29,1,69338,1,2,2,2,21,4
913,32,2,103382,1,2,2,2,21,4
914,23,1,44012,1,1,1,1,14,4
915,51,1,102065,1,1,1,1,8,1
916,52,1,93790,1,1,1,1,14,2
917,29,2,71800,2,2,2,2,3,4
918,33,2,117270,1,2,2,2,21,4
919,52,2,105896,1,2,2,2,21,4
920,45,2,103294,1,1,1,1,29,1
921,24,1,73299,1,2,2,2,8,4
922,54,2,117275,1,2,2,2,15,4
923,35,1,121878,1,1,1,1,26,2
924,50,2,96830,1,2,2,2,18,4
925,28,2,42123,1,2,2,2,17,4
926,53,2,80090,1,1,1,1,14,1
927,26,2,43212,2,2,2,2,5,4
928,35,2,97284,2,1,1,1,17,2
929,52,1,91632,1,1,1,1,1,2
930,49,1,84377,1,1,1,1,4,2
931,44,1,111841,1,1,1,1,12,1
932,25,2,46331,1,2,2,2,26,4
933,46,1,88670,1,1,1,1,6,2
934,42,2,121259,1,1,1,1,1,1
935,29,2,45618,1,2,2,2,3,4
936,27,2,53476,2,2,2,2,2,4
937,53,2,97022,1,1,1,1,13,3
938,44,2,120790,1,2,2,2,26,4
939,49,2,92953,1,2,2,2,1,4
940,26,1,64414,1,1,1,1,24,4
941,52,2,113473,1,2,2,2,7,4
942,53,2,108877,1,2,2,2,17,4
943,37,2,91838,1,1,1,1,11,3
944,21,1,40473,2,2,2,2,27,4
945,25,2,73781,2,2,2,2,20,4
946,54,2,99011,1,2,2,2,1,4
947,27,1,51860,1,2,2,2,3,4
948,33,1,122172,1,1,1,1,27,1
949,38,1,89083,1,1,1,1,25,3
950,47,1,100501,1,1,1,1,20,1
951,55,1,118479,1,1,1,1,17,1
952,31,2,123412,2,2,2,2,28,4
953,47,1,106925,1,1,1,1,2,2
954,27,1,44279,2,2,2,2,28,4
955,48,1,114736,1,1,1,1,27,3
956,27,1,69741,1,1,1,1,16,4
957,32,2,80957,2,2,2,2,21,2
958,22,2,71602,2,2,2,2,5,4
959,41,2,112087,1,2,2,2,19,4
960,52,2,82511,1,2,2,2,17,4
961,51,2,94346,1,1,1,1,26,1
962,21,2,42119,2,2,2,2,14,4
963,39,1,84927,1,1,1,1,16,3
964,39,2,101795,2,1,1,1,16,4
965,30,1,123942,2,2,2,2,20,4
966,44,2,90497,1,2,2,2,2,4
967,44,1,100805,1,1,1,1,21,3
968,31,1,108599,2,2,2,2,12,4
969,56,1,101603,1,1,1,1,12,1
970,38,1,85873,1,1,1,1,22,2
971,23,2,58567,2,2,2,2,21,4
972,54,2,124882,1,2,2,2,29,4
973,30,2,115955,1,2,2,2,24,4
974,47,1,92591,1,1,1,1,13,1
975,47,2,99832,1,2,2,2,8,4
976,26,2,54389,1,2,2,2,9,4
977,31,1,91745,2,2,2,2,7,3
978,45,1,115466,1,1,1,1,28,1
979,52,1,108445,1,1,1,1,27,2
980,21,2,41073,2,2,2,2,28,4
981,56,2,85583,1,2,2,2,15,4
982,45,1,98367,1,1,1,1,4,1
983,42,1,123742,1,1,1,1,1,1
984,41,1,105795,1,1,1,1,29,1
985,48,2,116545,1,1,1,1,13,1
986,23,2,63660,2,2,2,2,8,4
987,50,2,110739,1,2,2,2,29,4
988,49,1,105336,1,1,1,1,27,1
989,31,1,81356,1,2,2,2,16,4
990,44,2,81345,1,2,2,2,28,4
991,27,1,59829,2,2,2,2,26,3
992,29,1,62260,1,2,2,2,12,4
993,25,2,71793,2,2,2,2,18,4
994,46,2,121887,1,2,2,2,6,4
995,45,2,96642,1,1,1,1,18,3
996,21,1,44488,1,1,1,1,21,4
997,21,1,51503,1,1,1,1,22,4
998,25,2,56852,1,2,2,2,14,4
999,51,1,124489,1,1,1,1,9,1
1000,49,1,111950,1,1,1,1,5,2
1001,31,1,107631,1,1,1,1,23,1
1002,25,2,65909,2,2,2,2,14,4
1003,54,1,116559,1,1,1,1,25,1
1004,37,2,83888,1,2,2,2,12,4
1005,30,1,81746,2,2,2,2,23,3
1006,56,1,120730,1,1,1,1,8,2
1007,55,1,114992,1,1,1,1,22,1
1008,34,2,117896,1,2,2,2,28,4
1009,51,2,99026,1,2,2,2,19,4
1010,34,2,105600,1,2,2,2,12,4
1011,43,2,106989,1,2,2,2,18,4
1012,37,2,91770,2,1,1,1,19,2
1013,34,2,123780,2,2,2,2,17,2
1014,41,1,89402,1,1,1,1,26,1
1015,43,2,84347,1,1,1,1,15,1
1016,32,2,94328,1,2,2,2,19,4
1017,24,2,46356,1,2,2,2,19,4
1018,37,1,80867,1,1,1,1,29,3
1019,35,1,117414,1,1,1,1,21,3
1020,48,2,90221,1,2,2,2,25,4
1021,39,1,92144,1,1,1,1,4,3
1022,55,2,106978,1,2,2,2,2,4
1023,52,2,96367,1,1,1,1,24,1
1024,43,1,107447,1,1,1,1,20,1
1025,30,2,94918,1,2,2,2,4,4
1026,22,2,43965,2,2,2,2,29,4
1027,52,2,90967,1,2,2,2,1,4
1028,51,2,81461,1,2,2,2,21,4
1029,24,2,67338,2,2,2,2,13,4
1030,41,1,85756,1,1,1,1,29,3
1031,35,1,88419,1,1,1,1,28,3
1032,43,1,80461,1,1,1,1,21,2
1033,52,1,123220,1,1,1,1,1,2
1034,37,1,82394,1,1,1,1,14,2
1035,45,1,119729,1,1,1,1,11,1
1036,27,1,68163,1,2,2,2,5,4
1037,25,2,43342,2,2,2,2,16,4
1038,49,2,101099,1,1,1,1,11,3
1039,27,1,62542,2,2,2,2,7,3
1040,21,1,70864,2,2,2,2,14,3
1041,33,1,107487,1,1,1,1,9,2
1042,53,2,106367,1,2,2,2,14,4
1043,39,1,110386,1,1,1,1,9,2
1044,41,1,86146,1,1,1,1,8,3
1045,37,2,111270,2,2,2,2,19,4
1046,54,2,113236,1,2,2,2,1,4
1047,39,2,94171,1,2,2,2,26,4
1048,41,2,124097,1,1,1,1,4,1
1049,53,2,97246,1,2,2,2,14,4
1050,22,1,66873,1,2,2,2,27,4
1051,34,2,109135,2,2,2,2,24,2
1052,39,2,115314,1,1,1,1,3,2
1053,22,1,53221,2,2,2,2,18,3
1054,49,2,123648,1,1,1,1,19,1
1055,53,2,100300,1,1,1,1,18,3
1056,42,1,87647,1,1,1,1,4,1
1057,42,2,116415,1,1,1,1,11,1
1058,21,2,52305,2,2,2,2,27,4
1059,42,2,109741,1,1,1,1,26,1
1060,38,2,99649,1,1,1,1,5,3
1061,32,2,112086,2,2,2,2,10,2
1062,52,1,108664,1,1,1,1,19,2
1063,30,1,82521,2,2,2,2,26,3
1064,32,2,115277,1,2,2,2,9,4
1065,53,2,92695,1,1,1,1,10,1
1066,50,2,104776,1,1,1,1,23,3
1067,40,2,108908,1,2,2,2,18,4
1068,36,1,96877,1,1,1,1,1,2
1069,30,1,120791,2,2,2,2,16,3
1070,46,1,122192,1,1,1,1,2,1
1071,51,1,85902,1,1,1,1,10,3
1072,40,2,92603,1,1,1,1,24,2
1073,39,1,89234,1,1,1,1,15,3
1074,21,1,53685,1,1,1,1,22,4
1075,35,1,108095,1,1,1,1,3,3
1076,41,2,101014,1,1,1,1,24,1
1077,22,2,67913,2,2,2,2,12,4
1078,23,2,46077,2,2,2,2,7,4
1079,29,1,66957,2,2,2,2,28,3
1080,25,2,47538,1,2,2,2,13,4
1081,22,1,52265,2,2,2,2,13,3
1082,44,2,115143,1,1,1,1,5,1
1083,47,1,92724,1,1,1,1,19,1
1084,45,2,101466,1,2,2,2,19,4
1085,55,1,120436,1,1,1,1,29,1
1086,48,2,87916,1,1,1,1,15,1
1087,34,1,119486,1,1,1,1,5,2
1088,26,2,46667,1,2,2,2,20,4
1089,36,2,97672,2,1,1,1,4,2
1090,40,2,90801,1,2,2,2,2,4
1091,45,2,89698,1,1,1,1,3,2
1092,24,1,61397,1,2,2,2,23,4
1093,21,1,60626,2,2,2,2,21,3
1094,42,2,120201,1,2,2,2,4,4
1095,38,2,116153,1,1,1,1,7,1
1096,48,1,83556,1,1,1,1,7,2
1097,22,2,70083,2,2,2,2,16,4
1098,37,2,100246,1,1,1,1,26,3
1099,24,1,40767,2,2,2,2,6,4
1100,35,2,85094,2,1,1,1,29,4
1101,28,2,49134,1,2,2,2,9,4
1102,36,1,124804,1,1,1,1,25,2
1103,26,2,45627,2,2,2,2,12,4
1104,39,2,87237,1,1,1,1,11,3
1105,34,2,96389,1,2,2,2,18,4
1106,47,2,122035,1,2,2,2,24,4
1107,31,2,85970,2,2,2,2,6,2
1108,52,2,121937,1,2,2,2,12,4
1109,36,2,96781,2,2,2,2,4,4
1110,24,2,62180,2,2,2,2,24,4
1111,40,1,83523,1,1,1,1,4,2
1112,41,2,97930,1,2,2,2,12,4
1113,35,2,81126,2,2,2,2,17,2
1114,43,2,81282,1,1,1,1,12,2
1115,47,2,90476,1,1,1,1,28,2
1116,28,1,49950,1,1,1,1,19,4
1117,46,2,86471,1,1,1,1,22,3
1118,48,2,104284,1,1,1,1,19,1
1119,35,2,119512,2,2,2,2,1,4
1120,54,2,111454,1,2,2,2,25,4
1121,42,1,95200,1,1,1,1,2,1
1122,54,1,80880,1,1,1,1,12,3
1123,55,1,124799,1,1,1,1,11,3
1124,30,2,81238,1,2,2,2,5,4
1125,27,1,70532,1,1,1,1,10,2
1126,50,1,93255,1,1,1,1,23,1
1127,44,1,102128,1,1,1,1,3,3
1128,33,1,85998,1,1,1,1,3,2
1129,51,1,106206,1,1,1,1,20,1
1130,27,2,42538,2,2,2,2,1,4
1131,37,2,112954,2,2,2,2,10,2
1132,43,2,103655,1,2,2,2,5,4
1133,44,1,111402,1,1,1,1,28,1
1134,28,2,57532,1,2,2,2,11,4
1135,48,2,117124,1,1,1,1,6,1
1136,40,1,122331,1,1,1,1,7,3
1137,26,2,43625,2,2,2,2,6,4
1138,36,2,106143,2,1,1,1,13,2
1139,54,2,107289,1,2,2,2,2,4
1140,39,1,97795,1,1,1,1,21,1
1141,54,1,108887,1,1,1,1,19,1
1142,26,2,56984,1,2,2,2,6,4
1143,50,1,108959,1,1,1,1,16,1
1144,32,1,108265,1,1,1,1,25,1
1145,21,2,66776,2,2,2,2,14,4
1146,29,1,44638,1,1,1,1,19,4
1147,33,2,85690,1,2,2,2,23,4
1148,40,1,83175,1,1,1,1,10,2
1149,50,1,105413,1,1,1,1,26,1
1150,24,1,74816,2,2,2,2,23,3
1151,43,1,113963,1,1,1,1,18,3
1152,27,1,71664,1,2,2,2,4,4
1153,21,2,46513,2,2,2,2,27,4
1154,48,1,104469,1,1,1,1,2,3
1155,27,1,66181,2,2,2,2,14,3
1156,55,2,117084,1,2,2,2,1,4
1157,29,2,57966,1,2,2,2,8,4
1158,22,1,41265,1,1,1,1,2,4
1159,53,2,115618,1,1,1,1,25,1
1160,40,1,90962,1,1,1,1,14,2
1161,24,2,54856,2,2,2,2,25,4
1162,24,2,69441,1,2,2,2,2,4
1163,36,1,83312,1,1,1,1,9,3
1164,34,2,83579,2,2,2,2,17,2
1165,52,1,102707,1,1,1,1,26,2
1166,48,2,124450,1,1,1,1,1,1
1167,39,1,121374,1,1,1,1,17,3
1168,46,2,86101,1,1,1,1,12,3
1169,35,1,112688,1,1,1,1,17,1
1170,35,1,117268,1,1,1,1,18,1
1171,49,1,83756,1,1,1,1,5,3
1172,40,2,120338,1,2,2,2,8,4
1173,37,2,105579,1,1,1,1,13,1
1174,28,1,41252,2,2,2,2,21,4
1175,43,1,106316,1,1,1,1,2,2
1176,32,2,84651,1,2,2,2,10,4
1177,39,2,92935,2,2,2,2,3,2
1178,37,2,81774,2,2,2,2,29,2
1179,22,1,69306,2,2,2,2,23,3
1180,23,1,55571,1,1,1,1,20,4
1181,37,1,117845,1,1,1,1,26,1
1182,26,2,67816,2,2,2,2,16,4
1183,51,1,110564,1,1,1,1,6,3
1184,49,2,124425,1,2,2,2,6,4
1185,21,1,60169,1,2,2,2,17,4
1186,45,2,103231,1,2,2,2,18,4
1187,26,1,48587,2,2,2,2,25,3
1188,44,1,92228,1,1,1,1,7,1
1189,36,2,90011,2,1,1,1,24,4
1190,33,2,89347,2,2,2,2,6,2
1191,36,2,123266,2,1,1,1,22,2
1192,29,1,41337,2,2,2,2,20,4
1193,48,1,81108,1,1,1,1,22,1
1194,36,1,105105,1,1,1,1,21,1
1195,37,2,122118,2,2,2,2,8,2
1196,43,1,96923,1,1,1,1,1,2
1197,42,2,102033,1,2,2,2,4,4
1198,45,1,88698,1,1,1,1,16,1
1199,37,1,101187,1,1,1,1,20,2
1200,46,1,116200,1,1,1,1,19,3
1201,46,2,98500,1,1,1,1,22,3
1202,29,1,63691,1,2,2,2,9,4
1203,49,1,118832,1,1,1,1,18,2
1204,43,2,115567,1,1,1,1,20,3
1205,38,2,111146,2,2,2,2,24,2
1206,29,2,66580,1,2,2,2,20,4
1207,27,2,59949,2,2,2,2,24,4
1208,33,2,88857,2,2,2,2,23,2
1209,45,2,109920,1,1,1,1,8,1
1210,46,1,124627,1,1,1,1,8,1
1211,47,2,88862,1,2,2,2,20,4
1212,31,2,94359,2,2,2,2,27,4
1213,28,2,41304,2,2,2,2,25,4
1214,39,1,115608,1,1,1,1,15,3
1215,35,1,104928,1,1,1,1,7,3
1216,22,2,43753,2,2,2,2,4,4
1217,52,2,92368,1,2,2,2,19,4
1218,55,1,83428,1,1,1,1,9,2
1219,28,1,69221,1,2,2,2,3,4
1220,45,2,124640,1,2,2,2,4,4
1221,33,1,118799,1,1,1,1,3,1
1222,52,2,97659,1,2,2,2,12,4
1223,55,2,118307,1,1,1,1,10,1
1224,47,2,108405,1,1,1,1,2,1
1225,53,1,82885,1,1,1,1,27,1
1226,43,2,115523,1,1,1,1,8,2
1227,22,1,74836,1,1,1,1,15,3
1228,26,1,74781,1,1,1,1,12,2
1229,55,2,113721,1,1,1,1,19,2
1230,56,1,109133,1,1,1,1,19,1
1231,21,2,62919,2,2,2,2,11,4
1232,23,1,45970,1,1,1,1,8,4
1233,22,2,55893,2,2,2,2,29,4
1234,42,2,120904,1,1,1,1,29,1
1235,41,2,86638,1,2,2,2,15,4
1236,35,1,113048,1,1,1,1,11,3
1237,23,2,44491,2,2,2,2,8,4
1238,25,1,54586,2,2,2,2,15,3
1239,53,1,84700,1,1,1,1,28,2
1240,49,1,81284,1,1,1,1,23,1
1241,29,1,44260,2,2,2,2,12,4
1242,48,2,97123,1,2,2,2,15,4
1243,38,1,91835,1,1,1,1,12,1
1244,32,1,119929,1,2,2,2,6,4
1245,27,1,52665,1,2,2,2,21,4
1246,28,1,56793,2,2,2,2,25,3
1247,47,2,105950,1,1,1,1,14,3
1248,35,1,93294,1,1,1,1,16,2
1249,23,1,61189,1,1,1,1,17,4
1250,55,1,80589,1,1,1,1,22,1
1251,42,1,113592,1,1,1,1,14,1
1252,45,1,124108,1,1,1,1,23,1
1253,29,2,52654,1,2,2,2,28,4
1254,56,2,90964,1,1,1,1,21,1
1255,52,2,100009,1,2,2,2,28,4
1256,47,1,84564,1,1,1,1,24,2
1257,37,2,114639,1,2,2,2,2,4
1258,32,2,84847,1,2,2,2,16,4
1259,38,1,118353,1,1,1,1,17,1
1260,22,2,64196,2,2,2,2,2,4
1261,50,2,106767,1,2,2,2,28,4
1262,37,1,87784,1,1,1,1,12,3
1263,46,1,112957,1,1,1,1,19,1
1264,36,1,101675,1,1,1,1,13,1
1265,21,2,70881,2,2,2,2,24,4
1266,50,2,113494,1,2,2,2,3,4
1267,29,1,60999,2,2,2,2,15,3
1268,49,2,96423,1,1,1,1,5,1
1269,42,2,116083,1,1,1,1,10,3
1270,45,2,84490,1,1,1,1,27,1
1271,28,1,64650,2,2,2,2,27,3
1272,40,1,98121,1,1,1,1,15,3
1273,49,1,111921,1,1,1,1,26,1
1274,55,2,122588,1,2,2,2,23,4
1275,54,2,118395,1,2,2,2,21,4
1276,22,2,47991,2,2,2,2,16,4
1277,38,1,123430,1,1,1,1,24,2
1278,54,1,95772,1,1,1,1,22,1
1279,32,2,87744,1,2,2,2,26,4
1280,43,2,121194,1,2,2,2,4,4
1281,35,2,119713,2,2,2,2,19,2
1282,53,1,120735,1,1,1,1,25,1
1283,27,1,74695,1,2,2,2,25,4
1284,53,1,122959,1,1,1,1,25,3
1285,28,1,73420,1,1,1,1,20,3
1286,54,1,88755,1,1,1,1,9,2
1287,30,1,121359,1,2,2,2,19,4
1288,30,1,104747,1,1,1,1,25,1
1289,47,2,112230,1,2,2,2,5,4
1290,44,1,119449,1,1,1,1,17,3
1291,46,2,104680,1,2,2,2,8,4
1292,54,2,101625,1,1,1,1,28,2
1293,40,1,118041,1,1,1,1,13,2
1294,43,1,102639,1,1,1,1,10,2
1295,30,2,101471,1,2,2,2,16,4
1296,40,2,123047,1,2,2,2,10,4
1297,42,1,103055,1,1,1,1,2,1
1298,28,1,73248,2,2,2,2,24,3
1299,23,1,50441,1,2,2,2,8,4
1300,56,1,103103,1,1,1,1,25,1
1301,37,2,105921,1,2,2,2,1,4
1302,28,2,64369,2,2,2,2,26,4
1303,25,2,61927,1,2,2,2,1,4
1304,47,1,113885,1,1,1,1,7,1
1305,21,1,55583,2,2,2,2,12,3
1306,54,1,84446,1,1,1,1,2,1
1307,35,1,81243,1,1,1,1,8,3
1308,31,2,89530,2,2,2,2,25,2
1309,51,1,101959,1,1,1,1,28,2
1310,25,2,49518,2,2,2,2,10,4
1311,26,2,63027,1,2,2,2,13,4
1312,28,1,58134,1,2,2,2,18,4
1313,27,1,42676,2,2,2,2,1,4
1314,38,2,117907,2,1,1,1,28,2
1315,40,2,80876,1,1,1,1,12,2
1316,27,2,55917,2,2,2,2,19,4
1317,41,2,102684,1,1,1,1,23,1
1318,27,2,51355,2,2,2,2,14,4
1319,37,1,80830,1,1,1,1,18,3
1320,22,1,67489,1,2,2,2,6,4
1321,44,2,89613,1,2,2,2,6,4
1322,41,1,99242,1,1,1,1,2,3
1323,36,2,111667,2,2,2,2,2,4
1324,21,2,54181,2,2,2,2,8,4
1325,36,2,109089,1,2,2,2,24,4
1326,36,2,87936,1,1,1,1,9,3
1327,51,1,115529,1,1,1,1,14,1
1328,34,2,116265,1,2,2,2,20,4
1329,42,1,93208,1,1,1,1,10,1
1330,43,2,118334,1,2,2,2,23,4
1331,24,1,47773,1,2,2,2,16,4
1332,46,2,89216,1,1,1,1,15,1
1333,34,2,88781,1,2,2,2,19,4
1334,36,2,109163,1,2,2,2,4,4
1335,54,1,94439,1,1,1,1,23,1
1336,35,1,101663,1,1,1,1,11,1
1337,39,1,110540,1,1,1,1,10,1
1338,42,2,97486,1,1,1,1,9,2
1339,30,2,118709,1,2,2,2,21,4
1340,26,2,64225,1,2,2,2,23,4
1341,35,1,106307,1,1,1,1,9,1
1342,26,2,63988,2,2,2,2,29,4
1343,23,2,55484,2,2,2,2,21,4
1344,23,1,51263,1,2,2,2,26,4
1345,26,2,59200,2,2,2,2,18,4
1346,23,2,72714,2,2,2,2,3,4
1347,42,1,124366,1,1,1,1,11,1
1348,53,2,92946,1,1,1,1,12,1
1349,34,1,119883,1,1,1,1,17,3
1350,30,2,105588,2,2,2,2,29,4
1351,56,2,112889,1,1,1,1,11,3
1352,50,1,121108,1,1,1,1,25,1
1353,52,2,98624,1,1,1,1,24,2
1354,45,2,88918,1,1,1,1,7,3
1355,39,1,122340,1,1,1,1,17,3
1356,21,1,69856,1,2,2,2,7,4
1357,31,1,105485,2,2,2,2,19,4
1358,26,2,45462,2,2,2,2,23,4
1359,53,2,113486,1,1,1,1,21,3
1360,42,2,81674,1,2,2,2,6,4
1361,31,1,86897,2,2,2,2,29,3
1362,53,1,96783,1,1,1,1,7,1
1363,26,1,73870,2,2,2,2,15,3
1364,44,1,112970,1,1,1,1,29,2
1365,34,1,92593,1,1,1,1,12,2
1366,43,2,98018,1,1,1,1,16,2
1367,24,1,48208,2,2,2,2,28,3
1368,32,1,92201,1,1,1,1,1,1
1369,56,2,91139,1,1,1,1,26,3
1370,47,2,81106,1,2,2,2,2,4
1371,23,2,67297,2,2,2,2,4,4
1372,33,2,114525,1,2,2,2,2,4
1373,28,2,73164,2,2,2,2,14,4
1374,33,1,98737,1,1,1,1,15,3
1375,48,2,121576,1,2,2,2,20,4
1376,45,2,107160,1,2,2,2,8,4
1377,43,1,88753,1,1,1,1,7,1
1378,46,2,99066,1,2,2,2,19,4
1379,22,2,66417,2,2,2,2,17,4
1380,34,2,85359,1,2,2,2,27,4
1381,32,2,93302,1,2,2,2,13,4
1382,45,2,105546,1,1,1,1,13,3
1383,29,2,57039,2,2,2,2,20,4
1384,24,2,53523,1,2,2,2,28,4
1385,42,2,110094,1,2,2,2,8,4
1386,40,2,117270,1,2,2,2,8,4
1387,33,1,92923,1,1,1,1,21,2
1388,37,2,95255,1,2,2,2,22,4
1389,40,2,81619,1,2,2,2,27,4
1390,42,2,107673,1,1,1,1,12,1
1391,38,2,116273,1,1,1,1,11,1
1392,55,2,84246,1,2,2,2,10,4
1393,45,1,89298,1,1,1,1,27,1
1394,43,2,99617,1,2,2,2,1,4
1395,56,2,116118,1,1,1,1,1,1
1396,28,2,44402,1,2,2,2,3,4
1397,40,2,91057,1,2,2,2,25,4
1398,39,1,100998,1,1,1,1,18,3
1399,30,1,107434,2,2,2,2,29,3
1400,21,2,71815,2,2,2,2,1,4
1401,26,1,62850,1,1,1,1,25,4
1402,48,1,117421,1,1,1,1,15,3
1403,38,2,87736,1,2,2,2,19,4
1404,27,2,65133,1,2,2,2,16,4
1405,40,2,109276,1,1,1,1,10,3
1406,42,2,118121,1,1,1,1,6,1
1407,56,1,102429,1,1,1,1,26,1
1408,25,2,55998,2,2,2,2,12,4
1409,36,1,122620,1,1,1,1,3,1
1410,41,1,110623,1,1,1,1,16,3
1411,52,2,111543,1,1,1,1,8,2
1412,30,2,105385,2,2,2,2,8,4
1413,22,1,62824,1,2,2,2,8,4
1414,31,2,82571,2,2,2,2,8,2
1415,42,1,84051,1,1,1,1,13,3
1416,39,2,108301,2,2,2,2,27,2
1417,38,2,106760,2,2,2,2,2,4
1418,54,1,80057,1,1,1,1,9,1
1419,38,2,114517,2,2,2,2,16,2
1420,46,1,120272,1,1,1,1,16,3
1421,23,2,73883,2,2,2,2,21,4
1422,24,2,56045,1,2,2,2,7,4
1423,49,1,102037,1,1,1,1,17,3
1424,38,2,121704,2,1,1,1,21,2
1425,37,1,80107,1,1,1,1,28,3
1426,34,2,81751,1,2,2,2,8,4
1427,48,1,88422,1,1,1,1,15,1
1428,33,2,90710,1,2,2,2,28,4
1429,45,2,116748,1,1,1,1,16,1
1430,31,2,98907,1,2,2,2,8,4
1431,28,1,51707,2,2,2,2,19,3
1432,45,2,107035,1,1,1,1,4,1
1433,30,2,99528,2,2,2,2,3,4
1434,52,2,118252,1,2,2,2,19,4
1435,56,1,85299,1,1,1,1,10,3
1436,39,1,121886,1,1,1,1,9,3
1437,55,2,104887,1,1,1,1,14,1
1438,41,1,84002,1,1,1,1,29,2
1439,56,1,94589,1,1,1,1,17,1
1440,26,2,72535,1,2,2,2,26,4
1441,45,1,99284,1,1,1,1,22,1
1442,55,2,119102,1,1,1,1,20,1
1443,49,2,84429,1,2,2,2,20,4
1444,53,1,93370,1,1,1,1,18,3
1445,35,1,106400,1,1,1,1,9,1
1446,30,2,109304,1,2,2,2,1,4
1447,42,1,101532,1,1,1,1,14,3
1448,21,2,53723,2,2,2,2,18,4
1449,47,1,81194,1,1,1,1,15,3
1450,31,1,119986,1,1,1,1,22,3
1451,29,2,44537,1,2,2,2,28,4
1452,42,1,111581,1,1,1,1,21,2
1453,33,1,83272,1,1,1,1,23,3
1454,41,1,86620,1,1,1,1,13,3
1455,47,1,95018,1,1,1,1,25,3
1456,43,2,96560,1,1,1,1,28,3
1457,48,2,80854,1,2,2,2,15,4
1458,49,1,100618,1,1,1,1,7,2
1459,48,1,96116,1,1,1,1,27,3
1460,46,2,90595,1,2,2,2,23,4
1461,21,2,47726,2,2,2,2,8,4
1462,24,2,63462,2,2,2,2,13,4
1463,45,1,119983,1,1,1,1,29,3
1464,38,1,113830,1,1,1,1,15,1
1465,39,1,96850,1,1,1,1,27,1
1466,34,2,119806,2,2,2,2,26,2
1467,23,1,42412,1,2,2,2,2,4
1468,29,2,56782,2,2,2,2,3,4
1469,44,2,97784,1,1,1,1,5,1
1470,48,1,92503,1,1,1,1,24,2
1471,31,2,113007,2,2,2,2,13,2
1472,35,1,99480,1,1,1,1,18,1
1473,53,2,87987,1,1,1,1,21,1
1474,36,2,109182,1,2,2,2,21,4
1475,38,1,108802,1,1,1,1,24,1
1476,33,2,102063,2,2,2,2,14,4
1477,31,2,80570,2,2,2,2,26,2
1478,56,1,83448,1,1,1,1,2,2
1479,35,2,109815,1,2,2,2,3,4
1480,29,2,47768,2,2,2,2,24,4
1481,34,1,117499,1,1,1,1,4,2
1482,22,2,50652,2,2,2,2,10,4
1483,26,2,62158,1,2,2,2,29,4
1484,47,2,107811,1,2,2,2,22,4
1485,40,1,110153,1,1,1,1,29,1
1486,33,2,118899,1,2,2,2,26,4
1487,26,1,65476,1,2,2,2,3,4
1488,35,2,116885,2,2,2,2,15,2
1489,44,2,101438,1,1,1,1,27,1
1490,22,1,52113,1,2,2,2,7,4
1491,26,2,56735,1,2,2,2,13,4
1492,34,1,101483,1,1,1,1,23,3
1493,29,1,67912,2,2,2,2,25,3
1494,52,1,110688,1,1,1,1,19,2
1495,32,2,110630,1,2,2,2,15,4
1496,56,1,103129,1,1,1,1,23,2
1497,53,2,96528,1,2,2,2,20,4
1498,52,1,114184,1,1,1,1,24,1
1499,26,2,66247,2,2,2,2,12,4
1500,49,2,122855,1,1,1,1,24,2
1501,51,1,116207,1,1,1,1,9,1
1502,24,1,58490,2,2,2,2,28,3
1503,21,1,50985,2,2,2,2,15,3
1504,30,2,104481,2,2,2,2,9,4
1505,40,1,105462,1,1,1,1,6,2
1506,34,1,115933,1,1,1,1,18,2
1507,27,1,43821,1,1,1,1,8,4
1508,35,2,92482,2,1,1,1,14,4
1509,39,1,107207,1,1,1,1,2,1
1510,28,2,49993,1,2,2,2,22,4
1511,23,2,71424,2,2,2,2,10,4
1512,38,2,93427,2,1,1,1,27,4
1513,44,2,84083,1,1,1,1,28,2
1514,52,1,82322,1,1,1,1,12,2
1515,39,2,102513,2,1,1,1,17,4
1516,30,2,92359,2,2,2,2,22,4
1517,54,2,100420,1,2,2,2,24,4
1518,54,2,111930,1,1,1,1,12,3
1519,36,2,89954,2,1,1,1,3,4
1520,38,2,83407,2,1,1,1,26,4
1521,40,2,85506,1,1,1,1,20,2
1522,25,1,46230,2,2,2,2,4,3
1523,47,1,89578,1,1,1,1,7,1
1524,52,1,86490,1,1,1,1,28,2
1525,24,1,40792,1,1,1,1,2,4
1526,50,1,112376,1,1,1,1,13,1
1527,51,1,88990,1,1,1,1,4,3
1528,40,2,113210,1,2,2,2,3,4
1529,46,1,107131,1,1,1,1,15,1
1530,51,1,113343,1,1,1,1,10,1
1531,38,1,84736,1,1,1,1,18,3
1532,54,1,110732,1,1,1,1,25,3
1533,25,1,46218,2,2,2,2,2,3
1534,33,1,85831,1,1,1,1,24,3
1535,29,2,43703,2,2,2,2,15,4
1536,40,2,108479,1,2,2,2,23,4
1537,42,2,124497,1,2,2,2,11,4
1538,52,2,123868,1,1,1,1,23,3
1539,31,2,110827,2,2,2,2,5,4
1540,53,2,111493,1,2,2,2,5,4
1541,50,2,103017,1,2,2,2,2,4
1542,21,1,65933,1,1,1,1,7,4
1543,36,2,106138,1,1,1,1,17,1
1544,26,1,49555,2,2,2,2,9,3
1545,45,2,115531,1,1,1,1,3,2
1546,46,2,99517,1,2,2,2,15,4
1547,55,1,86584,1,1,1,1,26,2
1548,52,2,124641,1,1,1,1,24,2
1549,53,2,97935,1,2,2,2,1,4
1550,34,2,105430,2,2,2,2,25,4
1551,42,2,104747,1,1,1,1,4,1
1552,48,2,106199,1,1,1,1,13,1
1553,36,1,115062,1,1,1,1,13,1
1554,28,2,46463,2,2,2,2,2,4
1555,27,2,68563,1,2,2,2,9,4
1556,47,2,84628,1,1,1,1,23,1
1557,52,2,119265,1,2,2,2,12,4
1558,30,2,113250,2,2,2,2,22,4
1559,52,1,121619,1,1,1,1,16,1
1560,33,1,81380,1,1,1,1,14,2
1561,39,1,102871,1,1,1,1,3,2
1562,41,1,82981,1,1,1,1,12,1
1563,39,2,80316,2,1,1,1,21,4
1564,22,1,61836,2,2,2,2,22,3
1565,40,2,99663,1,1,1,1,22,2
1566,30,1,98729,2,2,2,2,28,4
1567,48,2,112884,1,1,1,1,1,1
1568,35,1,81561,1,1,1,1,12,3
1569,38,2,124771,1,1,1,1,2,1
1570,43,1,118246,1,1,1,1,9,1
1571,24,1,56673,1,2,2,2,13,4
1572,36,1,105545,1,1,1,1,4,1
1573,29,1,44523,2,2,2,2,5,4
1574,42,1,84465,1,1,1,1,17,3
1575,39,1,107198,1,1,1,1,29,3
1576,22,2,74818,2,2,2,2,21,4
1577,45,1,84844,1,1,1,1,11,3
1578,25,1,71525,1,1,1,1,9,3
1579,48,2,80503,1,1,1,1,25,1
1580,32,2,115288,2,2,2,2,12,4
1581,52,1,98049,1,1,1,1,7,2
1582,45,2,106890,1,2,2,2,2,4
1583,54,2,102625,1,1,1,1,17,1
1584,25,2,43585,2,2,2,2,10,4
1585,40,2,122527,1,2,2,2,24,4
1586,29,2,50199,2,2,2,2,18,4
1587,29,1,40753,2,2,2,2,18,4
1588,47,1,96006,1,1,1,1,6,2
1589,34,2,121068,1,2,2,2,8,4
1590,22,1,70320,2,2,2,2,25,3
1591,25,2,48541,2,2,2,2,22,4
1592,46,1,113261,1,1,1,1,28,1
1593,21,2,45120,2,2,2,2,25,4
1594,28,1,58865,1,2,2,2,24,4
1595,54,2,93514,1,1,1,1,5,3
1596,46,1,96549,1,1,1,1,27,3
1597,55,2,82063,1,2,2,2,28,4
1598,42,2,82033,1,2,2,2,29,4
1599,25,2,40129,1,2,2,2,26,4
1600,56,1,88510,1,1,1,1,13,2
1601,51,1,84411,1,1,1,1,11,1
1602,32,1,81949,1,1,1,1,12,2
1603,49,2,92115,1,1,1,1,6,2
1604,56,1,117218,1,1,1,1,11,1
1605,55,2,99048,1,1,1,1,21,1
1606,38,1,81262,1,1,1,1,27,3
1607,45,2,87554,1,1,1,1,7,2
1608,26,2,52097,2,2,2,2,5,4
1609,36,2,107565,1,1,1,1,29,2
1610,28,1,74387,2,2,2,2,25,3
1611,25,2,65112,1,2,2,2,6,4
1612,56,1,96188,1,1,1,1,3,1
1613,33,2,114723,1,2,2,2,12,4
1614,51,2,119743,1,2,2,2,19,4
1615,26,2,62871,2,2,2,2,23,4
1616,21,2,65289,2,2,2,2,14,4
1617,23,1,71442,1,2,2,2,6,4
1618,44,1,88508,1,1,1,1,16,2
1619,48,2,83783,1,1,1,1,13,1
1620,46,1,110441,1,1,1,1,5,3
1621,41,1,111800,1,1,1,1,11,1
1622,39,1,118657,1,1,1,1,10,2
1623,43,2,81379,1,2,2,2,7,4
1624,55,2,105853,1,1,1,1,18,2
1625,48,1,123549,1,1,1,1,10,3
1626,51,1,102201,1,1,1,1,3,1
1627,29,2,70038,1,2,2,2,14,4
1628,45,2,104547,1,1,1,1,22,3
1629,31,2,122692,1,2,2,2,24,4
1630,47,2,94348,1,1,1,1,5,2
1631,55,1,98307,1,1,1,1,14,2
1632,46,1,111509,1,1,1,1,22,3
1633,51,2,114212,1,1,1,1,13,1
1634,33,1,124390,1,1,1,1,16,1
1635,45,1,122864,1,1,1,1,10,2
1636,37,1,101906,1,1,1,1,21,1
1637,40,2,100387,1,1,1,1,12,3
1638,45,1,108072,1,1,1,1,6,1
1639,52,2,119943,1,2,2,2,11,4
1640,41,1,108425,1,1,1,1,3,2
1641,46,1,119370,1,1,1,1,22,3
1642,24,2,61453,1,2,2,2,2,4
1643,31,2,99265,1,2,2,2,3,4
1644,55,2,87852,1,1,1,1,15,1
1645,40,1,93401,1,1,1,1,7,1
1646,42,1,114506,1,1,1,1,4,3
1647,56,2,116101,1,2,2,2,21,4
1648,42,1,86714,1,1,1,1,10,1
1649,33,1,105141,1,1,1,1,10,1
1650,49,1,114932,1,1,1,1,16,1
1651,38,1,113344,1,1,1,1,19,3
1652,22,2,53052,2,2,2,2,3,4
1653,46,1,106310,1,1,1,1,4,3
1654,26,2,59242,1,2,2,2,12,4
1655,36,1,110064,1,1,1,1,18,1
1656,28,1,53568,1,1,1,1,21,4
1657,43,1,114269,1,1,1,1,19,1
1658,56,1,96505,1,1,1,1,28,1
1659,49,2,84730,1,2,2,2,10,4
1660,31,2,90427,1,2,2,2,26,4
1661,45,2,124044,1,2,2,2,7,4
1662,31,1,113778,1,1,1,1,10,3
1663,36,2,99977,2,2,2,2,22,2
1664,42,1,121672,1,1,1,1,24,2
1665,54,1,89111,1,1,1,1,1,3
1666,42,1,118294,1,1,1,1,17,1
1667,28,2,59366,1,2,2,2,26,4
1668,50,1,111200,1,1,1,1,3,1
1669,53,1,88674,1,1,1,1,5,2
1670,22,2,61742,2,2,2,2,19,4
1671,47,1,85245,1,1,1,1,18,1
1672,28,2,48016,1,2,2,2,29,4
1673,24,2,67873,2,2,2,2,4,4
1674,41,2,114035,1,1,1,1,20,2
1675,49,1,119575,1,1,1,1,3,2
1676,32,1,123297,1,2,2,2,12,4
1677,23,2,74237,2,2,2,2,16,4
1678,47,1,113614,1,1,1,1,2,1
1679,48,2,119609,1,2,2,2,8,4
1680,52,1,96936,1,1,1,1,9,2
1681,26,1,41291,1,1,1,1,8,4
1682,29,2,68673,2,2,2,2,6,4
1683,26,2,56843,1,2,2,2,2,4
1684,45,1,106062,1,1,1,1,25,1
1685,26,2,67803,1,2,2,2,3,4
1686,30,2,84007,2,2,2,2,21,4
1687,55,2,88396,1,1,1,1,15,1
1688,42,1,119176,1,1,1,1,27,3
1689,44,1,121676,1,1,1,1,5,2
1690,49,2,102393,1,1,1,1,6,3
1691,33,2,110419,2,2,2,2,25,4
1692,53,2,99556,1,2,2,2,5,4
1693,27,2,54047,1,2,2,2,3,4
1694,48,2,113358,1,2,2,2,2,4
1695,45,2,97512,1,1,1,1,25,3
1696,30,1,94461,2,2,2,2,9,3
1697,35,1,120741,1,1,1,1,24,2
1698,41,2,88092,1,2,2,2,11,4
1699,22,2,52033,2,2,2,2,24,4
1700,29,2,52613,2,2,2,2,27,4
1701,50,2,99364,1,2,2,2,9,4
1702,42,1,91878,1,1,1,1,16,2
1703,41,1,81133,1,1,1,1,11,2
1704,32,2,104653,2,2,2,2,22,4
1705,23,1,43893,1,1,1,1,15,4
1706,49,2,121425,1,2,2,2,24,4
1707,37,2,80998,1,2,2,2,11,4
1708,48,1,113758,1,1,1,1,13,1
1709,52,1,84968,1,1,1,1,14,1
1710,21,2,62089,2,2,2,2,3,4
1711,55,1,124266,1,1,1,1,29,3
1712,39,2,100047,2,1,1,1,28,2
1713,27,1,58182,1,1,1,1,9,4
1714,36,2,111614,2,1,1,1,15,2
1715,51,2,83637,1,2,2,2,21,4
1716,26,1,59477,2,2,2,2,6,3
1717,34,1,112566,1,1,1,1,27,1
1718,29,2,56332,1,2,2,2,5,4
1719,49,2,84685,1,1,1,1,20,3
1720,38,2,109253,2,2,2,2,17,2
1721,22,1,54414,2,2,2,2,9,3
1722,38,2,103358,1,2,2,2,22,4
1723,52,1,108642,1,1,1,1,26,1
1724,37,2,103513,1,2,2,2,8,4
1725,49,1,94995,1,1,1,1,17,2
1726,53,1,123662,1,1,1,1,18,1
1727,51,1,118879,1,1,1,1,21,1
1728,44,2,109160,1,2,2,2,23,4
1729,47,2,95233,1,2,2,2,8,4
1730,26,2,47287,2,2,2,2,5,4
1731,22,2,44789,2,2,2,2,15,4
1732,30,1,119876,1,1,1,1,19,3
1733,24,2,55302,2,2,2,2,22,4
1734,38,1,120312,1,1,1,1,17,1
1735,35,2,114836,2,2,2,2,24,4
1736,34,1,96136,1,1,1,1,6,1
1737,56,2,91817,1,1,1,1,5,1
1738,51,2,121241,1,2,2,2,26,4
1739,46,1,89713,1,1,1,1,22,1
1740,43,2,80284,1,1,1,1,26,3
1741,37,1,100369,1,1,1,1,28,3
1742,53,2,101578,1,2,2,2,19,4
1743,38,2,122167,2,1,1,1,19,2
1744,30,1,82282,2,2,2,2,22,3
1745,54,2,100656,1,1,1,1,10,1
1746,30,2,89885,2,2,2,2,1,4
1747,32,2,111426,1,2,2,2,26,4
1748,43,1,107504,1,1,1,1,15,3
1749,29,1,50034,2,2,2,2,12,3
1750,36,2,115841,1,2,2,2,13,4
1751,52,2,122089,1,1,1,1,9,1
1752,53,1,99805,1,1,1,1,21,2
1753,54,2,117026,1,2,2,2,8,4
1754,34,1,101469,1,1,1,1,21,2
1755,32,2,80079,1,2,2,2,19,4
1756,43,1,114964,1,1,1,1,1,2
1757,52,2,84898,1,2,2,2,19,4
1758,28,2,44056,1,2,2,2,17,4
1759,32,2,115086,2,2,2,2,2,2
1760,54,2,109895,1,1,1,1,17,2
1761,49,1,111931,1,1,1,1,13,1
1762,55,2,89533,1,2,2,2,18,4
1763,34,1,122947,1,1,1,1,12,1
1764,23,2,54647,2,2,2,2,10,4
1765,36,2,96079,1,2,2,2,3,4
1766,22,2,57490,2,2,2,2,3,4
1767,37,2,120366,1,1,1,1,14,2
1768,42,1,93003,1,1,1,1,7,2
1769,38,2,103267,1,1,1,1,20,2
1770,33,1,81590,1,1,1,1,25,3
1771,51,1,105302,1,1,1,1,6,1
1772,30,1,118735,1,1,1,1,22,3
1773,39,2,106684,2,1,1,1,25,4
1774,28,2,74740,1,2,2,2,27,4
1775,37,1,97866,1,1,1,1,2,1
1776,28,1,40241,2,2,2,2,27,4
1777,39,2,119295,1,2,2,2,19,4
1778,37,1,116198,1,1,1,1,9,1
1779,38,2,107708,1,1,1,1,2,3
1780,48,1,115642,1,1,1,1,4,3
1781,26,2,47249,1,2,2,2,23,4
1782,23,2,58683,2,2,2,2,16,4
1783,50,2,111572,1,1,1,1,27,2
1784,45,1,99321,1,1,1,1,24,2
1785,50,1,122556,1,1,1,1,19,3
1786,31,1,86943,1,1,1,1,3,3
1787,51,2,92675,1,2,2,2,15,4
1788,50,2,110059,1,2,2,2,3,4
1789,54,1,90007,1,1,1,1,29,1
1790,26,2,62542,1,2,2,2,12,4
1791,35,2,82667,1,2,2,2,12,4
1792,26,2,47122,1,2,2,2,9,4
1793,37,2,115947,1,2,2,2,11,4
1794,49,2,106024,1,2,2,2,3,4
1795,53,1,114813,1,1,1,1,3,3
1796,54,1,84539,1,1,1,1,2,3
1797,36,2,106592,2,1,1,1,19,4
1798,39,1,115187,1,1,1,1,15,3
1799,53,1,92674,1,1,1,1,1,1
1800,34,1,101619,1,1,1,1,7,1
1801,28,2,43600,2,2,2,2,11,4
1802,29,1,66752,1,1,1,1,6,4
1803,22,2,54276,2,2,2,2,12,4
1804,34,2,87804,2,2,2,2,22,2
1805,42,2,83914,1,1,1,1,13,1
1806,43,2,124062,1,2,2,2,27,4
1807,28,1,67851,2,2,2,2,10,3
1808,56,2,88998,1,1,1,1,15,1
1809,23,2,40048,2,2,2,2,20,4
1810,54,1,87262,1,1,1,1,1,3
1811,50,1,118491,1,1,1,1,24,1
1812,25,2,50049,2,2,2,2,7,4
1813,32,2,113794,1,2,2,2,21,4
1814,24,2,42998,1,2,2,2,10,4
1815,55,1,84691,1,1,1,1,15,2
1816,21,1,44052,2,2,2,2,29,4
1817,53,2,123020,1,2,2,2,12,4
1818,54,2,118284,1,2,2,2,9,4
1819,52,1,97275,1,1,1,1,16,1
1820,42,2,121387,1,2,2,2,26,4
1821,51,1,108377,1,1,1,1,6,2
1822,23,1,41986,2,2,2,2,27,4
1823,50,1,80563,1,1,1,1,26,1
1824,48,1,87537,1,1,1,1,26,1
1825,22,1,63120,1,1,1,1,15,4
1826,21,2,72957,2,2,2,2,25,4
1827,39,2,112123,2,2,2,2,16,2
1828,31,1,97309,2,2,2,2,16,4
1829,27,2,70017,2,2,2,2,15,4
1830,50,1,86014,1,1,1,1,13,3
1831,53,1,98071,1,1,1,1,14,1
1832,31,2,98071,2,2,2,2,12,4
1833,29,1,70134,1,1,1,1,21,3
1834,38,1,90936,1,1,1,1,15,1
1835,23,2,70553,2,2,2,2,16,4
1836,52,1,106521,1,1,1,1,7,1
1837,45,1,105807,1,1,1,1,5,1
1838,51,2,114734,1,1,1,1,15,2
1839,23,2,56064,2,2,2,2,22,4
1840,26,2,52365,2,2,2,2,8,4
1841,21,2,55892,2,2,2,2,19,4
1842,37,1,100673,1,1,1,1,7,2
1843,32,2,97509,1,2,2,2,12,4
1844,48,1,121201,1,1,1,1,13,3
1845,45,2,104758,1,1,1,1,7,3
1846,54,2,82914,1,2,2,2,7,4
1847,48,1,101580,1,1,1,1,9,3
1848,44,1,120368,1,1,1,1,18,2
1849,30,1,112615,1,2,2,2,29,4
1850,30,1,92174,2,2,2,2,12,4
1851,21,2,57875,2,2,2,2,2,4
1852,48,2,112526,1,1,1,1,9,1
1853,50,1,117779,1,1,1,1,26,2
1854,47,2,90140,1,2,2,2,10,4
1855,46,1,111590,1,1,1,1,5,3
1856,39,1,104340,1,1,1,1,7,2
1857,30,1,96913,2,2,2,2,22,4
1858,25,2,40027,1,2,2,2,17,4
1859,24,2,68980,1,2,2,2,16,4
1860,23,2,44298,2,2,2,2,8,4
1861,44,1,109895,1,1,1,1,24,2
1862,38,2,98657,2,1,1,1,24,2
1863,39,2,94976,1,1,1,1,17,2
1864,38,1,102276,1,1,1,1,15,1
1865,28,2,45536,1,2,2,2,7,4
1866,29,1,63696,2,2,2,2,27,3
1867,56,1,109592,1,1,1,1,9,1
1868,37,1,118261,1,1,1,1,14,3
1869,51,1,92060,1,1,1,1,20,2
1870,45,2,83645,1,2,2,2,18,4
1871,21,1,69453,2,2,2,2,1,3
1872,26,1,68308,2,2,2,2,11,3
1873,49,2,113792,1,2,2,2,8,4
1874,29,2,47110,2,2,2,2,19,4
1875,45,2,86374,1,2,2,2,24,4
1876,21,2,50299,2,2,2,2,11,4
1877,22,2,62494,2,2,2,2,1,4
1878,21,2,62044,2,2,2,2,14,4
1879,29,2,54248,1,2,2,2,25,4
1880,48,2,114878,1,1,1,1,9,1
1881,29,1,73962,2,2,2,2,28,3
1882,31,1,96631,1,1,1,1,11,1
1883,27,2,45049,2,2,2,2,6,4
1884,48,1,83726,1,1,1,1,4,1
1885,29,2,63717,2,2,2,2,11,4
1886,38,1,98167,1,1,1,1,23,1
1887,44,2,87486,1,2,2,2,24,4
1888,48,1,115814,1,1,1,1,20,2
1889,47,1,114568,1,1,1,1,23,2
1890,43,2,111164,1,1,1,1,4,2
1891,53,1,111654,1,1,1,1,13,2
1892,34,2,112804,2,2,2,2,11,4
1893,33,2,121544,2,2,2,2,17,4
1894,28,1,59722,2,2,2,2,4,3
1895,33,2,86768,2,2,2,2,27,2
1896,34,1,86953,1,1,1,1,25,3
1897,35,1,108394,1,1,1,1,28,2
1898,21,1,40366,1,2,2,2,16,4
1899,26,1,43016,2,2,2,2,7,4
1900,33,1,109338,1,1,1,1,2,3
1901,47,1,88520,1,1,1,1,14,1
1902,55,2,92426,1,1,1,1,6,1
1903,53,1,93048,1,1,1,1,19,1
1904,50,2,110164,1,1,1,1,23,3
1905,41,1,116109,1,1,1,1,16,1
1906,53,2,81047,1,1,1,1,27,3
1907,21,2,47725,2,2,2,2,24,4
1908,38,2,92090,2,2,2,2,19,2
1909,41,2,92845,1,2,2,2,5,4
1910,28,1,45822,2,2,2,2,26,3
1911,49,2,118416,1,2,2,2,6,4
1912,43,1,113592,1,1,1,1,9,2
1913,36,2,123030,2,2,2,2,9,4
1914,23,2,41709,2,2,2,2,17,4
1915,51,1,121112,1,1,1,1,18,1
1916,50,2,98341,1,1,1,1,20,1
1917,41,2,95924,1,1,1,1,10,1
1918,26,1,46388,2,2,2,2,22,3
1919,53,2,107756,1,1,1,1,23,1
1920,38,2,120545,2,1,1,1,20,2
1921,33,1,88121,1,1,1,1,5,3
1922,51,1,112708,1,1,1,1,2,1
1923,51,1,102650,1,1,1,1,14,2
1924,45,2,88194,1,1,1,1,3,2
1925,26,2,55814,2,2,2,2,23,4
1926,47,2,82408,1,1,1,1,25,2
1927,29,2,66694,2,2,2,2,22,4
1928,40,1,99411,1,1,1,1,15,1
1929,32,2,121103,2,2,2,2,25,2
1930,23,1,63058,2,2,2,2,15,3
1931,49,2,102005,1,2,2,2,21,4
1932,51,2,84974,1,2,2,2,10,4
1933,38,1,90344,1,1,1,1,10,1
1934,26,1,64718,1,2,2,2,26,4
1935,55,2,95145,1,2,2,2,15,4
1936,25,1,41973,1,2,2,2,13,4
1937,46,1,85981,1,1,1,1,24,3
1938,48,2,112526,1,1,1,1,10,1
1939,38,1,99087,1,1,1,1,29,1
1940,25,1,62974,1,1,1,1,11,4
1941,51,1,80220,1,1,1,1,16,2
1942,32,1,124724,1,2,2,2,10,4
1943,44,1,108754,1,1,1,1,9,3
1944,35,1,99659,1,1,1,1,25,1
1945,53,1,96104,1,1,1,1,1,1
1946,29,2,73333,1,2,2,2,23,4
1947,54,1,82036,1,1,1,1,15,2
1948,39,1,102456,1,1,1,1,17,3
1949,39,1,110615,1,1,1,1,8,3
1950,34,1,85633,1,1,1,1,10,3
1951,23,2,61661,2,2,2,2,15,4
1952,30,2,87183,2,2,2,2,23,4
1953,26,2,50447,2,2,2,2,23,4
1954,43,2,106162,1,1,1,1,14,3
1955,21,2,58459,2,2,2,2,16,4
1956,36,2,98441,2,2,2,2,6,4
1957,49,2,113054,1,2,2,2,28,4
1958,22,1,57322,1,1,1,1,11,4
1959,50,1,123747,1,1,1,1,2,2
1960,52,2,89818,1,1,1,1,25,3
1961,34,1,104195,1,1,1,1,3,3
1962,52,2,100570,1,2,2,2,26,4
1963,24,2,66012,1,2,2,2,19,4
1964,55,2,106671,1,2,2,2,29,4
1965,35,2,107181,2,2,2,2,9,4
1966,26,1,71714,2,2,2,2,19,3
1967,36,2,111287,1,1,1,1,3,1
1968,56,2,87872,1,2,2,2,1,4
1969,26,1,59554,1,1,1,1,4,4
1970,51,2,96456,1,1,1,1,29,2
1971,26,1,67999,1,1,1,1,11,4
1972,31,2,105536,1,2,2,2,7,4
1973,26,1,42415,2,2,2,2,8,4
1974,47,1,94134,1,1,1,1,5,2
1975,21,1,69251,1,1,1,1,13,4
1976,30,2,87010,1,2,2,2,11,4
1977,30,2,108874,1,2,2,2,18,4
1978,37,1,98907,1,1,1,1,9,1
1979,34,2,105749,1,2,2,2,2,4
1980,40,2,97099,1,1,1,1,2,1
1981,28,2,53150,1,2,2,2,7,4
1982,46,1,95810,1,1,1,1,10,1
1983,23,1,54927,1,2,2,2,5,4
1984,37,2,123045,2,2,2,2,7,2
1985,26,1,71661,2,2,2,2,12,3
1986,24,2,67237,1,2,2,2,28,4
1987,31,2,85243,2,2,2,2,25,2
1988,45,2,87890,1,1,1,1,18,1
1989,34,1,101537,1,1,1,1,13,1
1990,41,1,96449,1,1,1,1,22,1
1991,52,2,111827,1,2,2,2,29,4
1992,43,2,111284,1,1,1,1,7,2
1993,23,2,69104,2,2,2,2,20,4
1994,25,1,64833,1,1,1,1,19,4
1995,23,1,74855,1,1,1,1,21,3
1996,42,1,95798,1,1,1,1,20,1
1997,52,2,111757,1,1,1,1,4,2
1998,23,2,41367,2,2,2,2,18,4
1999,46,2,102937,1,1,1,1,28,1
2000,35,2,113915,1,2,2,2,22,4
